[
  {
    "conversation ID": "1655069242",
    "conversation": [
      {
        "participant": "AGENT",
        "utterance": "Hi there. I am IAI MovieBot, your movie recommending buddy. I can recommend you movies based on your preferences. I will ask you a few questions and based on your answers, I will try to find a movie for you.",
        "intent": "DISCLOSE.NON-DISCLOSE"
      },
      {
        "participant": "USER",
        "utterance": "Okay, sounds good.",
        "intent": "DISCLOSE.NON-DISCLOSE",
        "satisfaction": 3
      },
      {
        "participant": "AGENT",
        "utterance": "Do you like: Man, Woman & the Wall 6.4 84 min",
        "intent": "REVEAL"
      },
      {
        "participant": "USER",
        "utterance": "I like this",
        "intent": "NOTE.LIKE",
        "satisfaction": 2
      },
      {
        "participant": "AGENT",
        "utterance": "Do you have any specific genres in mind? For example, 'Drama' or 'Romance'.",
        "intent": "INQUIRE.ELICIT"
      },
      {
        "participant": "USER",
        "utterance": "I like Drama movies",
        "intent": "DISCLOSE",
        "satisfaction": 2,
        "slot_values": [
          [
            "GENRE",
            "Drama"
          ]
        ]
      },
      {
        "participant": "AGENT",
        "utterance": "Do you like: Her Composition 5.3 93 min",
        "intent": "REVEAL"
      },
      {
        "participant": "USER",
        "utterance": "Okay, sounds good.",
        "intent": "DISCLOSE.NON-DISCLOSE",
        "satisfaction": 3
      },
      {
        "participant": "AGENT",
        "utterance": "Sorry, I couldn't find any other drama, sounds films. Please select from the list of options to continue.",
        "intent": "REVEAL.NONE"
      },
      {
        "participant": "USER",
        "utterance": "No need of a Drama film.",
        "intent": "REVEAL.REVISE",
        "satisfaction": 2,
        "slot_values": [
          [
            "GENRE",
            "Drama"
          ]
        ]
      },
      {
        "participant": "AGENT",
        "utterance": "Sorry, I couldn't find any other sounds films. Please select from the list of options to continue.",
        "intent": "REVEAL.NONE"
      },
      {
        "participant": "USER",
        "utterance": "Let's start over.",
        "intent": "DISCLOSE",
        "satisfaction": 2
      },
      {
        "participant": "AGENT",
        "utterance": "Sorry, I couldn't find any other sounds films. Please select from the list of options to continue.",
        "intent": "REVEAL.NONE"
      },
      {
        "participant": "USER",
        "utterance": "No need of a Drama film.",
        "intent": "REVEAL.REVISE",
        "satisfaction": 2,
        "slot_values": [
          [
            "GENRE",
            "Drama"
          ]
        ]
      },
      {
        "participant": "AGENT",
        "utterance": "Sorry, I don't have any non drama, sounds films. Please select from the list of options to continue.",
        "intent": "REVEAL.NONE"
      },
      {
        "participant": "USER",
        "utterance": "Let's start over.",
        "intent": "DISCLOSE",
        "satisfaction": 2
      },
      {
        "participant": "AGENT",
        "utterance": "Sorry, I don't have any non drama, sounds films. Please select from the list of options to continue.",
        "intent": "REVEAL.NONE"
      },
      {
        "participant": "USER",
        "utterance": "I like this recommendation.",
        "intent": "NOTE.LIKE",
        "satisfaction": 2
      },
      {
        "participant": "AGENT",
        "utterance": "Sorry, I don't have any non drama, sounds films. Please select from the list of options to continue.",
        "intent": "REVEAL.NONE"
      },
      {
        "participant": "USER",
        "utterance": "I would like to quit now.",
        "intent": "COMPLETE",
        "satisfaction": 2
      },
      {
        "participant": "AGENT",
        "utterance": "Hope to see you soon. Bye.",
        "intent": "END"
      }
    ]
  },
  {
    "conversation ID": "1655069246",
    "conversation": [
      {
        "participant": "AGENT",
        "utterance": "Hi there. I am IAI MovieBot, your movie recommending buddy. I can recommend you movies based on your preferences. I will ask you a few questions and based on your answers, I will try to find a movie for you.",
        "intent": "DISCLOSE.NON-DISCLOSE"
      },
      {
        "participant": "USER",
        "utterance": "Sure, sounds fun.",
        "intent": "DISCLOSE.NON-DISCLOSE",
        "satisfaction": 3
      },
      {
        "participant": "AGENT",
        "utterance": "I have found almost 400 fun films. Please answer a few more questions to help me find a good movie.Do you have any specific genres in mind? For example, 'History' or 'Family'.",
        "intent": "INQUIRE.ELICIT"
      },
      {
        "participant": "USER",
        "utterance": "Hi, okay.",
        "intent": "DISCLOSE.NON-DISCLOSE",
        "satisfaction": 3
      },
      {
        "participant": "AGENT",
        "utterance": "Do you like: The Salt of the Earth 8.5 110 min",
        "intent": "REVEAL"
      },
      {
        "participant": "USER",
        "utterance": "I like this recommendation.",
        "intent": "NOTE.LIKE",
        "satisfaction": 2
      },
      {
        "participant": "AGENT",
        "utterance": "Please choose your next step:",
        "intent": "INQUIRE.NEXT"
      },
      {
        "participant": "USER",
        "utterance": "Let's start over.",
        "intent": "DISCLOSE",
        "satisfaction": 2
      },
      {
        "participant": "AGENT",
        "utterance": "Actors Sebasti\u00e3o Salgado, Wim Wenders, L\u00e9lia Wanick Salgado, Juliano Ribeiro Salgado, Hugo Barbier, Jacques Barth\u00e9l\u00e9my have played prominent roles in this movie.",
        "intent": "DISCLOSE.MORE"
      },
      {
        "participant": "USER",
        "utterance": "director name",
        "intent": "INQUIRE.MORE",
        "satisfaction": 2
      },
      {
        "participant": "AGENT",
        "utterance": "The director of this movie is Juliano Ribeiro Salgado, Wim Wenders.",
        "intent": "DISCLOSE.MORE"
      },
      {
        "participant": "USER",
        "utterance": "I would like to restart",
        "intent": "DISCLOSE",
        "satisfaction": 2
      },
      {
        "participant": "AGENT",
        "utterance": "Some of the famous actors in this movie are Sebasti\u00e3o Salgado, Wim Wenders, L\u00e9lia Wanick Salgado, Juliano Ribeiro Salgado, Hugo Barbier, Jacques Barth\u00e9l\u00e9my.",
        "intent": "DISCLOSE.MORE"
      },
      {
        "participant": "USER",
        "utterance": "another recommendation",
        "intent": "INQUIRE",
        "satisfaction": 2
      },
      {
        "participant": "AGENT",
        "utterance": "Do you like: Repentance 8.4 153 min",
        "intent": "REVEAL"
      },
      {
        "participant": "USER",
        "utterance": "another recommendation",
        "intent": "INQUIRE",
        "satisfaction": 2
      },
      {
        "participant": "AGENT",
        "utterance": "Do you like: Autumn Sonata 8.3 99 min",
        "intent": "REVEAL"
      },
      {
        "participant": "USER",
        "utterance": "I will try it",
        "intent": "NOTE.ACCEPT",
        "satisfaction": 2
      },
      {
        "participant": "AGENT",
        "utterance": "Sorry I can't help you with that.",
        "intent": "REVEAL.NONE"
      },
      {
        "participant": "USER",
        "utterance": "I would like to quit now.",
        "intent": "COMPLETE",
        "satisfaction": 2
      },
      {
        "participant": "AGENT",
        "utterance": "I hope you had a good experience. Bye.",
        "intent": "END"
      }
    ]
  },
  {
    "conversation ID": "1655069247",
    "conversation": [
      {
        "participant": "AGENT",
        "utterance": "Hi there. I am IAI MovieBot, your movie recommending buddy. I can recommend you movies based on your preferences. I will ask you a few questions and based on your answers, I will try to find a movie for you.",
        "intent": "DISCLOSE.NON-DISCLOSE"
      },
      {
        "participant": "USER",
        "utterance": "Hello.",
        "intent": "DISCLOSE.NON-DISCLOSE",
        "satisfaction": 3
      },
      {
        "participant": "AGENT",
        "utterance": "Do you have any specific genres in mind?",
        "intent": "INQUIRE.ELICIT"
      },
      {
        "participant": "USER",
        "utterance": "Okay, sounds good.",
        "intent": "DISCLOSE.NON-DISCLOSE",
        "satisfaction": 3
      },
      {
        "participant": "AGENT",
        "utterance": "Do you like: Man, Woman & the Wall 6.4 84 min",
        "intent": "REVEAL"
      },
      {
        "participant": "USER",
        "utterance": "Tell me something about it.",
        "intent": "INQUIRE.ITEMINFO",
        "satisfaction": 2
      },
      {
        "participant": "AGENT",
        "utterance": "Sorry I can't help you with that.",
        "intent": "FAILED"
      },
      {
        "participant": "USER",
        "utterance": "I would like to quit now.",
        "intent": "COMPLETE",
        "satisfaction": 2
      },
      {
        "participant": "AGENT",
        "utterance": "Hope to see you soon. Bye.",
        "intent": "END"
      }
    ]
  },
  {
    "conversation ID": "1655069251",
    "conversation": [
      {
        "participant": "AGENT",
        "utterance": "Hi there. I am IAI MovieBot, your movie recommending buddy. I can recommend you movies based on your preferences. I will ask you a few questions and based on your answers, I will try to find a movie for you.",
        "intent": "DISCLOSE.NON-DISCLOSE"
      },
      {
        "participant": "USER",
        "utterance": "Sure, sounds fun.",
        "intent": "DISCLOSE.NON-DISCLOSE",
        "satisfaction": 3
      },
      {
        "participant": "AGENT",
        "utterance": "I have found almost 400 fun films. Please answer a few more questions to help me find a good movie.Which genres do you prefer? For example, 'Musical' or 'Biography'.",
        "intent": "INQUIRE.ELICIT"
      },
      {
        "participant": "USER",
        "utterance": "Okay, sounds good.",
        "intent": "DISCLOSE.NON-DISCLOSE",
        "satisfaction": 3
      },
      {
        "participant": "AGENT",
        "utterance": "Do you like: Man, Woman & the Wall 6.4 84 min",
        "intent": "REVEAL"
      },
      {
        "participant": "USER",
        "utterance": "Tell me something about it.",
        "intent": "INQUIRE.ITEMINFO",
        "satisfaction": 2
      },
      {
        "participant": "AGENT",
        "utterance": "What would you like to know about \"Man, Woman & the Wall\"?",
        "intent": "INQUIRE.MORE"
      },
      {
        "participant": "USER",
        "utterance": "Let's start over.",
        "intent": "DISCLOSE",
        "satisfaction": 2
      },
      {
        "participant": "AGENT",
        "utterance": "Actors Sora Aoi, Hiroto Kat\u00f4, Sh\u00f4 Nishino, Takashi Oda, Mutsuo Yoshioka, Keita \u00d4no have played prominent roles in this movie.",
        "intent": "DISCLOSE.MORE"
      },
      {
        "participant": "USER",
        "utterance": "Sorry, I did not understand you.",
        "intent": "NOTE"
      },
      {
        "participant": "AGENT",
        "utterance": "Would you want to know more about \"Man, Woman & the Wall\"?",
        "intent": "INQUIRE.MORE"
      },
      {
        "participant": "USER",
        "utterance": "I would like a similar recommendation.",
        "intent": "INQUIRE.SIMILAR",
        "satisfaction": 2
      },
      {
        "participant": "AGENT",
        "utterance": "Do you like: Spider-Man: Into the Spider-Verse 8.4 117 min",
        "intent": "REVEAL"
      },
      {
        "participant": "USER",
        "utterance": "duration",
        "intent": "INQUIRE.MORE",
        "satisfaction": 2
      },
      {
        "participant": "AGENT",
        "utterance": "Its duration is 117 minutes.",
        "intent": "DISCLOSE.MORE"
      },
      {
        "participant": "USER",
        "utterance": "Sorry, I did not understand you.",
        "intent": "NOTE"
      },
      {
        "participant": "AGENT",
        "utterance": "Would you want to know more about \"Spider-Man: Into the Spider-Verse\"?",
        "intent": "INQUIRE.MORE"
      },
      {
        "participant": "USER",
        "utterance": "already seen it",
        "intent": "NOTE.YES",
        "satisfaction": 2
      },
      {
        "participant": "AGENT",
        "utterance": "Do you like: The Wall 8.1 117 min",
        "intent": "REVEAL"
      },
      {
        "participant": "USER",
        "utterance": "duration",
        "intent": "INQUIRE.MORE",
        "satisfaction": 2
      },
      {
        "participant": "AGENT",
        "utterance": "This movie is 117 minutes long.",
        "intent": "DISCLOSE.MORE"
      },
      {
        "participant": "USER",
        "utterance": "Sorry, I did not understand you.",
        "intent": "NOTE"
      },
      {
        "participant": "AGENT",
        "utterance": "Would you want to know more about \"The Wall\"?",
        "intent": "INQUIRE.MORE"
      },
      {
        "participant": "USER",
        "utterance": "I like this recommendation.",
        "intent": "NOTE.LIKE",
        "satisfaction": 2
      },
      {
        "participant": "AGENT",
        "utterance": "Please choose your next step:",
        "intent": "INQUIRE.NEXT"
      },
      {
        "participant": "USER",
        "utterance": "another recommendation",
        "intent": "INQUIRE",
        "satisfaction": 2
      },
      {
        "participant": "AGENT",
        "utterance": "Do you like: Deadpool 8.0 108 min",
        "intent": "REVEAL"
      },
      {
        "participant": "USER",
        "utterance": "I like this recommendation.",
        "intent": "NOTE.LIKE",
        "satisfaction": 2
      },
      {
        "participant": "AGENT",
        "utterance": "Please choose your next step:",
        "intent": "INQUIRE.NEXT"
      },
      {
        "participant": "USER",
        "utterance": "Sorry, I did not understand you.",
        "intent": "NOTE"
      },
      {
        "participant": "AGENT",
        "utterance": "Would you want to know more about \"Deadpool\"?",
        "intent": "INQUIRE.MORE"
      },
      {
        "participant": "USER",
        "utterance": "another recommendation",
        "intent": "INQUIRE",
        "satisfaction": 2
      },
      {
        "participant": "AGENT",
        "utterance": "Do you like: Spider-Man: Homecoming 7.4 133 min",
        "intent": "REVEAL"
      },
      {
        "participant": "USER",
        "utterance": "I would like a similar recommendation.",
        "intent": "INQUIRE.SIMILAR",
        "satisfaction": 2
      },
      {
        "participant": "AGENT",
        "utterance": "Sorry I can't help you with that.",
        "intent": "FAILED"
      },
      {
        "participant": "USER",
        "utterance": "Sorry, I did not understand you.",
        "intent": "NOTE"
      },
      {
        "participant": "AGENT",
        "utterance": "Would you want to know more about \"Spider-Man: Homecoming\"?",
        "intent": "INQUIRE.MORE"
      },
      {
        "participant": "USER",
        "utterance": "duration",
        "intent": "INQUIRE.MORE",
        "satisfaction": 2
      },
      {
        "participant": "AGENT",
        "utterance": "This movie is 133 minutes long.",
        "intent": "DISCLOSE.MORE"
      },
      {
        "participant": "USER",
        "utterance": "another recommendation",
        "intent": "INQUIRE",
        "satisfaction": 2
      },
      {
        "participant": "AGENT",
        "utterance": "Do you like: Man of Steel 7.0 143 min",
        "intent": "REVEAL"
      },
      {
        "participant": "USER",
        "utterance": "another recommendation",
        "intent": "INQUIRE",
        "satisfaction": 2
      },
      {
        "participant": "AGENT",
        "utterance": "Do you like: Top Gun 6.9 110 min",
        "intent": "REVEAL"
      },
      {
        "participant": "USER",
        "utterance": "I will try it",
        "intent": "NOTE.ACCEPT",
        "satisfaction": 2
      },
      {
        "participant": "AGENT",
        "utterance": "I believe I am stuck. I can't help you here.",
        "intent": "FAILED"
      },
      {
        "participant": "USER",
        "utterance": "END",
        "intent": "COMPLETE",
        "satisfaction": 2
      },
      {
        "participant": "AGENT",
        "utterance": "Hope to see you soon. Bye.",
        "intent": "END"
      }
    ]
  },
  {
    "conversation ID": "1655069254",
    "conversation": [
      {
        "participant": "AGENT",
        "utterance": "Hi there. I am IAI MovieBot, your movie recommending buddy. I can recommend you movies based on your preferences. I will ask you a few questions and based on your answers, I will try to find a movie for you.",
        "intent": "DISCLOSE.NON-DISCLOSE"
      },
      {
        "participant": "USER",
        "utterance": "Sure, sounds fun.",
        "intent": "DISCLOSE.NON-DISCLOSE",
        "satisfaction": 3
      },
      {
        "participant": "AGENT",
        "utterance": "I have found almost 400 fun films. Please answer a few more questions to help me find a good movie.Which genres do you prefer? For example, 'Comedy' or 'Family'.",
        "intent": "INQUIRE.ELICIT"
      },
      {
        "participant": "USER",
        "utterance": "Hi",
        "intent": "DISCLOSE.NON-DISCLOSE",
        "satisfaction": 3
      },
      {
        "participant": "AGENT",
        "utterance": "Do you like: The Salt of the Earth 8.5 110 min",
        "intent": "REVEAL"
      },
      {
        "participant": "USER",
        "utterance": "I like this recommendation.",
        "intent": "NOTE.LIKE",
        "satisfaction": 2
      },
      {
        "participant": "AGENT",
        "utterance": "Please choose your next step:",
        "intent": "INQUIRE.NEXT"
      },
      {
        "participant": "USER",
        "utterance": "Let's start over.",
        "intent": "DISCLOSE",
        "satisfaction": 2
      },
      {
        "participant": "AGENT",
        "utterance": "Some of the famous actors in this movie are Sebasti\u00e3o Salgado, Wim Wenders, L\u00e9lia Wanick Salgado, Juliano Ribeiro Salgado, Hugo Barbier, Jacques Barth\u00e9l\u00e9my.",
        "intent": "DISCLOSE.MORE"
      },
      {
        "participant": "USER",
        "utterance": "Sorry, I did not understand you.",
        "intent": "NOTE"
      },
      {
        "participant": "AGENT",
        "utterance": "Would you want to know more about \"The Salt of the Earth\"?",
        "intent": "INQUIRE.MORE"
      },
      {
        "participant": "USER",
        "utterance": "another recommendation",
        "intent": "INQUIRE",
        "satisfaction": 2
      },
      {
        "participant": "AGENT",
        "utterance": "Do you like: Repentance 8.4 153 min",
        "intent": "REVEAL"
      },
      {
        "participant": "USER",
        "utterance": "Tell me something about it.",
        "intent": "INQUIRE.ITEMINFO",
        "satisfaction": 2
      },
      {
        "participant": "AGENT",
        "utterance": "What would you like to know about \"Repentance\"?",
        "intent": "INQUIRE.MORE"
      },
      {
        "participant": "USER",
        "utterance": "duration",
        "intent": "INQUIRE.MORE",
        "satisfaction": 2
      },
      {
        "participant": "AGENT",
        "utterance": "Its duration is 153 minutes.",
        "intent": "DISCLOSE.MORE"
      },
      {
        "participant": "USER",
        "utterance": "another recommendation",
        "intent": "INQUIRE",
        "satisfaction": 2
      },
      {
        "participant": "AGENT",
        "utterance": "Do you like: Autumn Sonata 8.3 99 min",
        "intent": "REVEAL"
      },
      {
        "participant": "USER",
        "utterance": "Let's start over.",
        "intent": "DISCLOSE",
        "satisfaction": 2
      },
      {
        "participant": "AGENT",
        "utterance": "Some of the famous actors in this movie are Ingrid Bergman, Liv Ullmann, Lena Nyman, Halvar Bj\u00f6rk, Marianne Aminoff, Arne Bang-Hansen.",
        "intent": "DISCLOSE.MORE"
      },
      {
        "participant": "USER",
        "utterance": "Sorry, I did not understand you.",
        "intent": "NOTE"
      },
      {
        "participant": "AGENT",
        "utterance": "Would you want to know more about \"Autumn Sonata\"?",
        "intent": "INQUIRE.MORE"
      },
      {
        "participant": "USER",
        "utterance": "Let's start over.",
        "intent": "DISCLOSE",
        "satisfaction": 2
      },
      {
        "participant": "AGENT",
        "utterance": "Some of the famous actors in this movie are Ingrid Bergman, Liv Ullmann, Lena Nyman, Halvar Bj\u00f6rk, Marianne Aminoff, Arne Bang-Hansen.",
        "intent": "DISCLOSE.MORE"
      },
      {
        "participant": "USER",
        "utterance": "duration",
        "intent": "INQUIRE.MORE",
        "satisfaction": 2
      },
      {
        "participant": "AGENT",
        "utterance": "Its duration is 99 minutes.",
        "intent": "INQUIRE.MORE"
      },
      {
        "participant": "USER",
        "utterance": "Let's start over.",
        "intent": "DISCLOSE",
        "satisfaction": 2
      },
      {
        "participant": "AGENT",
        "utterance": "Actors Ingrid Bergman, Liv Ullmann, Lena Nyman, Halvar Bj\u00f6rk, Marianne Aminoff, Arne Bang-Hansen have played prominent roles in this movie.",
        "intent": "DISCLOSE.MORE"
      },
      {
        "participant": "USER",
        "utterance": "I would like a similar recommendation.",
        "intent": "INQUIRE.SIMILAR",
        "satisfaction": 2
      },
      {
        "participant": "AGENT",
        "utterance": "Do you like: Persona 8.1 85 min",
        "intent": "REVEAL"
      },
      {
        "participant": "USER",
        "utterance": "I dont like it.",
        "intent": "NOTE.DISLIKE",
        "satisfaction": 2
      },
      {
        "participant": "AGENT",
        "utterance": "Do you like: The Host 7.1 120 min",
        "intent": "REVEAL"
      },
      {
        "participant": "USER",
        "utterance": "I like this recommendation.",
        "intent": "NOTE.LIKE",
        "satisfaction": 2
      },
      {
        "participant": "AGENT",
        "utterance": "Please choose your next step:",
        "intent": "INQUIRE.NEXT"
      },
      {
        "participant": "USER",
        "utterance": "Tell me something about it.",
        "intent": "INQUIRE.ITEMINFO",
        "satisfaction": 2
      },
      {
        "participant": "AGENT",
        "utterance": "I believe I am stuck. I can't help you here.",
        "intent": "FAILED"
      },
      {
        "participant": "USER",
        "utterance": "I would like to quit now.",
        "intent": "COMPLETE",
        "satisfaction": 2
      },
      {
        "participant": "AGENT",
        "utterance": "Hope to see you soon. Bye.",
        "intent": "END"
      }
    ]
  }
]