[
  {
    "conversation ID": "1655069256",
    "conversation": [
      {
        "participant": "AGENT",
        "utterance": "Hi there. I am IAI MovieBot, your movie recommending buddy. I can recommend you movies based on your preferences. I will ask you a few questions and based on your answers, I will try to find a movie for you.",
        "intent": "DISCLOSE.NON-DISCLOSE"
      },
      {
        "participant": "USER",
        "utterance": "Okay, sounds good.",
        "intent": "DISCLOSE.NON-DISCLOSE",
        "satisfaction": 3
      },
      {
        "participant": "AGENT",
        "utterance": "Do you like: Man, Woman & the Wall 6.4 84 min",
        "intent": "REVEAL"
      },
      {
        "participant": "USER",
        "utterance": "I will try this movie.",
        "intent": "NOTE.ACCEPT",
        "satisfaction": 2
      },
      {
        "participant": "AGENT",
        "utterance": "Which genres do you prefer? For example, 'Thriller' or 'Romance'.",
        "intent": "INQUIRE.ELICIT"
      },
      {
        "participant": "USER",
        "utterance": "I like Thriller movies",
        "intent": "DISCLOSE",
        "satisfaction": 2,
        "slot_values": [
          [
            "GENRE",
            "Thriller"
          ]
        ]
      },
      {
        "participant": "AGENT",
        "utterance": "Sorry, I don't have any other thriller, sounds films. Please select from the list of options to continue.",
        "intent": "REVEAL.NONE"
      },
      {
        "participant": "USER",
        "utterance": "Okay, sounds good.",
        "intent": "DISCLOSE.NON-DISCLOSE",
        "satisfaction": 3
      },
      {
        "participant": "AGENT",
        "utterance": "Sorry, I couldn't find any other thriller, sounds films. Please select from the list of options to continue.",
        "intent": "REVEAL.NONE"
      },
      {
        "participant": "USER",
        "utterance": "Let's start over.",
        "intent": "DISCLOSE",
        "satisfaction": 2
      },
      {
        "participant": "AGENT",
        "utterance": "Sorry, I couldn't find any other thriller, sounds films. Please select from the list of options to continue.",
        "intent": "REVEAL.NONE"
      },
      {
        "participant": "USER",
        "utterance": "Let's start over.",
        "intent": "DISCLOSE",
        "satisfaction": 2
      },
      {
        "participant": "AGENT",
        "utterance": "Sorry, I couldn't find any other thriller, sounds films. Please select from the list of options to continue.",
        "intent": "REVEAL.NONE"
      },
      {
        "participant": "USER",
        "utterance": "Let's start over.",
        "intent": "DISCLOSE",
        "satisfaction": 2
      },
      {
        "participant": "AGENT",
        "utterance": "Sorry, I don't have any other thriller, sounds films. Please select from the list of options to continue.",
        "intent": "REVEAL.NONE"
      },
      {
        "participant": "USER",
        "utterance": "Let's start over.",
        "intent": "DISCLOSE",
        "satisfaction": 2
      },
      {
        "participant": "AGENT",
        "utterance": "Sorry, I don't have any other thriller, sounds films. Please select from the list of options to continue.",
        "intent": "REVEAL.NONE"
      },
      {
        "participant": "USER",
        "utterance": "duration",
        "intent": "INQUIRE.MORE",
        "satisfaction": 2
      },
      {
        "participant": "AGENT",
        "utterance": "Sorry, I couldn't find any other thriller, sounds films. Please select from the list of options to continue.",
        "intent": "REVEAL.NONE"
      },
      {
        "participant": "USER",
        "utterance": "I would like to quit now.",
        "intent": "COMPLETE",
        "satisfaction": 2
      },
      {
        "participant": "AGENT",
        "utterance": "I hope you had a good experience. Bye.",
        "intent": "END"
      }
    ]
  },
  {
    "conversation ID": "1655069260",
    "conversation": [
      {
        "participant": "AGENT",
        "utterance": "Hi there. I am IAI MovieBot, your movie recommending buddy. I can recommend you movies based on your preferences. I will ask you a few questions and based on your answers, I will try to find a movie for you.",
        "intent": "DISCLOSE.NON-DISCLOSE"
      },
      {
        "participant": "USER",
        "utterance": "Sure, sounds fun.",
        "intent": "DISCLOSE.NON-DISCLOSE",
        "satisfaction": 3
      },
      {
        "participant": "AGENT",
        "utterance": "There are almost 400 fun films. Please answer a few more questions to help me find a good movie.Which genres do you prefer? For example, 'Action' or 'Documentary'.",
        "intent": "INQUIRE.ELICIT"
      },
      {
        "participant": "USER",
        "utterance": "hello",
        "intent": "DISCLOSE.NON-DISCLOSE",
        "satisfaction": 3
      },
      {
        "participant": "AGENT",
        "utterance": "Do you like: The Salt of the Earth 8.5 110 min",
        "intent": "REVEAL"
      },
      {
        "participant": "USER",
        "utterance": "I will try it",
        "intent": "NOTE.ACCEPT",
        "satisfaction": 2
      },
      {
        "participant": "AGENT",
        "utterance": "Sorry I can't help you with that.",
        "intent": "FAILED"
      },
      {
        "participant": "USER",
        "utterance": "another recommendation",
        "intent": "INQUIRE",
        "satisfaction": 2
      },
      {
        "participant": "AGENT",
        "utterance": "Do you like: Repentance 8.4 153 min",
        "intent": "REVEAL"
      },
      {
        "participant": "USER",
        "utterance": "Let's start over.",
        "intent": "DISCLOSE",
        "satisfaction": 2
      },
      {
        "participant": "AGENT",
        "utterance": "Actors Avtandil Makharadze, Ia Ninidze, Zeinab Botsvadze, Ketevan Abuladze, David Giorgobiani, Kakhi Kavsadze have played prominent roles in this movie.",
        "intent": "DISCLOSE.MORE"
      },
      {
        "participant": "USER",
        "utterance": "thank you",
        "intent": "NOTE.ACCEPT",
        "satisfaction": 2
      },
      {
        "participant": "AGENT",
        "utterance": "Sorry, I don't have any fun films named similar to thank you. Please select from the list of options to continue.",
        "intent": "REVEAL.NONE"
      },
      {
        "participant": "USER",
        "utterance": "No need of a Thriller film.",
        "intent": "REVEAL.REVISE",
        "satisfaction": 2,
        "slot_values": [
          [
            "GENRE",
            "Thriller"
          ]
        ]
      },
      {
        "participant": "AGENT",
        "utterance": "Sorry, I couldn't find any non thriller, fun films named similar to thank you. Please select from the list of options to continue.",
        "intent": "REVEAL.NONE"
      },
      {
        "participant": "USER",
        "utterance": "a new movie",
        "intent": "DISCLOSE",
        "satisfaction": 2
      },
      {
        "participant": "AGENT",
        "utterance": "Sorry, I don't have any non thriller, fun films named similar to thank you from the year  > 2010. Please select from the list of options to continue.",
        "intent": "REVEAL.NONE"
      },
      {
        "participant": "USER",
        "utterance": "no please.",
        "intent": "DISCLOSE",
        "satisfaction": 2
      },
      {
        "participant": "AGENT",
        "utterance": "Sorry, I couldn't find any non thriller, fun films named similar to thank you from the year  > 2010. Please select from the list of options to continue.",
        "intent": "REVEAL.NONE"
      },
      {
        "participant": "USER",
        "utterance": "What is the plot?",
        "intent": "INQUIRE.MORE",
        "satisfaction": 3
      },
      {
        "participant": "AGENT",
        "utterance": "Sorry, I couldn't find any non thriller, fun films named similar to thank you from the year  > 2010. Please select from the list of options to continue.",
        "intent": "REVEAL.NONE"
      },
      {
        "participant": "USER",
        "utterance": "No need of a Thriller film.",
        "intent": "REVEAL.REVISE",
        "satisfaction": 2,
        "slot_values": [
          [
            "GENRE",
            "Thriller"
          ]
        ]
      },
      {
        "participant": "AGENT",
        "utterance": "Sorry, I don't have any non thriller, fun films named similar to thank you from the year  > 2010. Please select from the list of options to continue.",
        "intent": "REVEAL.NONE"
      },
      {
        "participant": "USER",
        "utterance": "Recommend me something else",
        "intent": "INQUIRE",
        "satisfaction": 2
      },
      {
        "participant": "AGENT",
        "utterance": "Sorry, I couldn't find any non thriller, fun films named similar to thank you from the year  > 2010. Please select from the list of options to continue.",
        "intent": "REVEAL.NONE"
      },
      {
        "participant": "USER",
        "utterance": "i know this one",
        "intent": "NOTE.YES",
        "satisfaction": 2
      },
      {
        "participant": "AGENT",
        "utterance": "Do you like: One Week and a Day 6.7 98 min",
        "intent": "REVEAL"
      },
      {
        "participant": "USER",
        "utterance": "No, I dont like this movie",
        "intent": "NOTE.DISLIKE",
        "satisfaction": 3
      },
      {
        "participant": "AGENT",
        "utterance": "Would you want to know more about \"One Week and a Day\"?",
        "intent": "INQUIRE.MORE"
      },
      {
        "participant": "USER",
        "utterance": "No",
        "intent": "NOTE.DISLIKE",
        "satisfaction": 2
      },
      {
        "participant": "AGENT",
        "utterance": "Would you want to know more about \"One Week and a Day\"?",
        "intent": "INQUIRE.MORE"
      },
      {
        "participant": "USER",
        "utterance": "I will try it",
        "intent": "NOTE.ACCEPT",
        "satisfaction": 2
      },
      {
        "participant": "AGENT",
        "utterance": "I believe I am stuck. I can't help you here.",
        "intent": "FAILED"
      },
      {
        "participant": "USER",
        "utterance": "I will try it",
        "intent": "NOTE.ACCEPT",
        "satisfaction": 2
      },
      {
        "participant": "AGENT",
        "utterance": "I believe I am stuck. I can't help you here.",
        "intent": "FAILED"
      },
      {
        "participant": "USER",
        "utterance": "I would like to quit now.",
        "intent": "COMPLETE",
        "satisfaction": 2
      },
      {
        "participant": "AGENT",
        "utterance": "Hope to see you soon. Bye.",
        "intent": "END"
      }
    ]
  },
  {
    "conversation ID": "1655069264",
    "conversation": [
      {
        "participant": "AGENT",
        "utterance": "Hi there. I am IAI MovieBot, your movie recommending buddy. I can recommend you movies based on your preferences. I will ask you a few questions and based on your answers, I will try to find a movie for you.",
        "intent": "DISCLOSE.NON-DISCLOSE"
      },
      {
        "participant": "USER",
        "utterance": "hello",
        "intent": "DISCLOSE.NON-DISCLOSE",
        "satisfaction": 3
      },
      {
        "participant": "AGENT",
        "utterance": "Do you have any specific genres in mind?",
        "intent": "INQUIRE.ELICIT"
      },
      {
        "participant": "USER",
        "utterance": "Hi, okay.",
        "intent": "DISCLOSE.NON-DISCLOSE",
        "satisfaction": 3
      },
      {
        "participant": "AGENT",
        "utterance": "I could not find the genres Hi, okay..Can you guide me to narrow down the search space?Can you give me a few keywords? For example, 'tv special' or 'crown jewels'.",
        "intent": "INQUIRE.ELICIT"
      },
      {
        "participant": "USER",
        "utterance": "kids",
        "intent": "DISCLOSE",
        "satisfaction": 2,
        "slot_values": [
          [
            "KEYWORD",
            "kids"
          ]
        ]
      },
      {
        "participant": "AGENT",
        "utterance": "Do you like: Angels with Dirty Faces 7.9 97 min",
        "intent": "REVEAL"
      },
      {
        "participant": "USER",
        "utterance": "Let's start over.",
        "intent": "DISCLOSE",
        "satisfaction": 2
      },
      {
        "participant": "AGENT",
        "utterance": "Actors James Cagney, Pat O'Brien, Humphrey Bogart, Ann Sheridan, George Bancroft, The Dead End Kids have played prominent roles in this movie.",
        "intent": "DISCLOSE.MORE"
      },
      {
        "participant": "USER",
        "utterance": "What is the plot?",
        "intent": "INQUIRE.MORE",
        "satisfaction": 3
      },
      {
        "participant": "AGENT",
        "utterance": "Two boyhood friends, Rocky Sullivan and Jerry Connolly have taken different paths in life. After Rocky is arrested he is sent to a juvenile facility and becomes a lifelong tough guy and criminal. Jerry on the other hand goes straight and becomes a Catholic priest ministering to people in the same neighborhood when he and Rocky grew up. When Rocky is released from prison he resumes his criminal lifestyle and becomes much admired by many of the local kids. Worried that the kids will follow Rocky into the criminal world, Jerry works hard to keep them on the straight and narrow. When Rocky is convicted and sentenced to the electric chair, Jerry asks him for one last favor.",
        "intent": "DISCLOSE.MORE"
      },
      {
        "participant": "USER",
        "utterance": "Let's start over.",
        "intent": "DISCLOSE",
        "satisfaction": 2
      },
      {
        "participant": "AGENT",
        "utterance": "Some of the famous actors in this movie are James Cagney, Pat O'Brien, Humphrey Bogart, Ann Sheridan, George Bancroft, The Dead End Kids.",
        "intent": "DISCLOSE.MORE"
      },
      {
        "participant": "USER",
        "utterance": "thank you",
        "intent": "NOTE.ACCEPT",
        "satisfaction": 2
      },
      {
        "participant": "AGENT",
        "utterance": "Sorry, I couldn't find any kids films named similar to thank you. Please select from the list of options to continue.",
        "intent": "REVEAL.NONE"
      },
      {
        "participant": "USER",
        "utterance": "No need of a Thriller film.",
        "intent": "REVEAL.REVISE",
        "satisfaction": 2,
        "slot_values": [
          [
            "GENRE",
            "Thriller"
          ]
        ]
      },
      {
        "participant": "AGENT",
        "utterance": "Sorry, I don't have any non thriller, kids films named similar to thank you. Please select from the list of options to continue.",
        "intent": "REVEAL.NONE"
      },
      {
        "participant": "USER",
        "utterance": "Let's start over.",
        "intent": "DISCLOSE",
        "satisfaction": 2
      },
      {
        "participant": "AGENT",
        "utterance": "Sorry, I couldn't find any non thriller, kids films named similar to thank you. Please select from the list of options to continue.",
        "intent": "REVEAL.NONE"
      },
      {
        "participant": "USER",
        "utterance": "Recommend me something else",
        "intent": "INQUIRE",
        "satisfaction": 2
      },
      {
        "participant": "AGENT",
        "utterance": "Sorry, I don't have any non thriller, kids films named similar to thank you. Please select from the list of options to continue.",
        "intent": "REVEAL.NONE"
      },
      {
        "participant": "USER",
        "utterance": "duration",
        "intent": "INQUIRE.MORE",
        "satisfaction": 2
      },
      {
        "participant": "AGENT",
        "utterance": "Sorry, I couldn't find any non thriller, kids films named similar to thank you. Please select from the list of options to continue.",
        "intent": "REVEAL.NONE"
      },
      {
        "participant": "USER",
        "utterance": "No need of a Thriller film.",
        "intent": "REVEAL.REVISE",
        "satisfaction": 2,
        "slot_values": [
          [
            "GENRE",
            "Thriller"
          ]
        ]
      },
      {
        "participant": "AGENT",
        "utterance": "Sorry, I don't have any non thriller, kids films named similar to thank you. Please select from the list of options to continue.",
        "intent": "REVEAL.NONE"
      },
      {
        "participant": "USER",
        "utterance": "already seen it",
        "intent": "NOTE.YES",
        "satisfaction": 2
      },
      {
        "participant": "AGENT",
        "utterance": "Sorry, I don't have any non thriller, kids films named similar to thank you. Please select from the list of options to continue.",
        "intent": "REVEAL.NONE"
      },
      {
        "participant": "USER",
        "utterance": "No movies with kids.",
        "intent": "REVEAL.REVISE",
        "satisfaction": 2,
        "slot_values": [
          [
            "KEYWORD",
            "kids"
          ]
        ]
      },
      {
        "participant": "AGENT",
        "utterance": "Do you like: Thank You for Smoking 7.6 92 min",
        "intent": "REVEAL"
      },
      {
        "participant": "USER",
        "utterance": "I like this recommendation.",
        "intent": "NOTE.LIKE",
        "satisfaction": 2
      },
      {
        "participant": "AGENT",
        "utterance": "Please choose your next step:",
        "intent": "INQUIRE.NEXT"
      },
      {
        "participant": "USER",
        "utterance": "I would like to quit now.",
        "intent": "COMPLETE",
        "satisfaction": 2
      },
      {
        "participant": "AGENT",
        "utterance": "Hope to see you soon. Bye.",
        "intent": "END"
      }
    ]
  },
  {
    "conversation ID": "1655069265",
    "conversation": [
      {
        "participant": "AGENT",
        "utterance": "Hi there. I am IAI MovieBot, your movie recommending buddy. I can recommend you movies based on your preferences. I will ask you a few questions and based on your answers, I will try to find a movie for you.",
        "intent": "DISCLOSE.NON-DISCLOSE"
      },
      {
        "participant": "USER",
        "utterance": "Hi, okay.",
        "intent": "DISCLOSE.NON-DISCLOSE",
        "satisfaction": 3
      },
      {
        "participant": "AGENT",
        "utterance": "Do you have any specific genres in mind?",
        "intent": "INQUIRE.ELICIT"
      },
      {
        "participant": "USER",
        "utterance": "Hi, okay.",
        "intent": "DISCLOSE.NON-DISCLOSE",
        "satisfaction": 3
      },
      {
        "participant": "AGENT",
        "utterance": "I could not find the genres Hi, okay..Please answer a few questions to help me find a good movie.Can you give me a few keywords? For example, 'crown jewels' or 'tv special'.",
        "intent": "INQUIRE.ELICIT"
      },
      {
        "participant": "USER",
        "utterance": "kids",
        "intent": "DISCLOSE",
        "satisfaction": 2,
        "slot_values": [
          [
            "KEYWORD",
            "kids"
          ]
        ]
      },
      {
        "participant": "AGENT",
        "utterance": "Do you like: Angels with Dirty Faces 7.9 97 min",
        "intent": "REVEAL"
      },
      {
        "participant": "USER",
        "utterance": "duration",
        "intent": "INQUIRE.MORE",
        "satisfaction": 2
      },
      {
        "participant": "AGENT",
        "utterance": "This movie is 97 minutes long.",
        "intent": "DISCLOSE.MORE"
      },
      {
        "participant": "USER",
        "utterance": "I would like to quit now.",
        "intent": "COMPLETE",
        "satisfaction": 2
      },
      {
        "participant": "AGENT",
        "utterance": "I hope you had a good experience. Bye.",
        "intent": "END"
      }
    ]
  },
  {
    "conversation ID": "1655069267",
    "conversation": [
      {
        "participant": "AGENT",
        "utterance": "Hi there. I am IAI MovieBot, your movie recommending buddy. I can recommend you movies based on your preferences. I will ask you a few questions and based on your answers, I will try to find a movie for you.",
        "intent": "DISCLOSE.NON-DISCLOSE"
      },
      {
        "participant": "USER",
        "utterance": "Hi",
        "intent": "DISCLOSE.NON-DISCLOSE",
        "satisfaction": 3
      },
      {
        "participant": "AGENT",
        "utterance": "Which genres do you prefer?",
        "intent": "INQUIRE.ELICIT"
      },
      {
        "participant": "USER",
        "utterance": "Hi",
        "intent": "DISCLOSE.NON-DISCLOSE",
        "satisfaction": 3
      },
      {
        "participant": "AGENT",
        "utterance": "I could not find the genres Hi.Can you guide me to narrow down the search space?What are you looking for in a movie? Some keywords would be good. For example, 'crown jewels' or 'tv special'.",
        "intent": "INQUIRE.ELICIT"
      },
      {
        "participant": "USER",
        "utterance": "kids",
        "intent": "DISCLOSE",
        "satisfaction": 2,
        "slot_values": [
          [
            "KEYWORD",
            "kids"
          ]
        ]
      },
      {
        "participant": "AGENT",
        "utterance": "Do you like: Angels with Dirty Faces 7.9 97 min",
        "intent": "REVEAL"
      },
      {
        "participant": "USER",
        "utterance": "Let's start over.",
        "intent": "DISCLOSE",
        "satisfaction": 2
      },
      {
        "participant": "AGENT",
        "utterance": "Some of the famous actors in this movie are James Cagney, Pat O'Brien, Humphrey Bogart, Ann Sheridan, George Bancroft, The Dead End Kids.",
        "intent": "DISCLOSE.MORE"
      },
      {
        "participant": "USER",
        "utterance": "Sorry, I did not understand you.",
        "intent": "NOTE"
      },
      {
        "participant": "AGENT",
        "utterance": "Would you want to know more about \"Angels with Dirty Faces\"?",
        "intent": "INQUIRE.MORE"
      },
      {
        "participant": "USER",
        "utterance": "No",
        "intent": "NOTE.DISLIKE",
        "satisfaction": 2
      },
      {
        "participant": "AGENT",
        "utterance": "Would you want to know more about \"Angels with Dirty Faces\"?",
        "intent": "INQUIRE.MORE"
      },
      {
        "participant": "USER",
        "utterance": "already seen it",
        "intent": "NOTE.YES",
        "satisfaction": 2
      },
      {
        "participant": "AGENT",
        "utterance": "Do you like: The World of Us 7.6 95 min",
        "intent": "REVEAL"
      },
      {
        "participant": "USER",
        "utterance": "Let's start over.",
        "intent": "DISCLOSE",
        "satisfaction": 2
      },
      {
        "participant": "AGENT",
        "utterance": "Actors Soo-In Choi, Hye-in Seol, Lee Seo-Yeon, Joon-woo Choi, Hye Jin Jang have played prominent roles in this movie.",
        "intent": "DISCLOSE.MORE"
      },
      {
        "participant": "USER",
        "utterance": "Sorry, I did not understand you.",
        "intent": "NOTE"
      },
      {
        "participant": "AGENT",
        "utterance": "Would you want to know more about \"The World of Us\"?",
        "intent": "INQUIRE.MORE"
      },
      {
        "participant": "USER",
        "utterance": "i know this one",
        "intent": "NOTE.YES",
        "satisfaction": 2
      },
      {
        "participant": "AGENT",
        "utterance": "Sorry, I don't have any kids films named similar to one. Please select from the list of options to continue.",
        "intent": "REVEAL.NONE"
      },
      {
        "participant": "USER",
        "utterance": "I would like to quit now.",
        "intent": "COMPLETE",
        "satisfaction": 2
      },
      {
        "participant": "AGENT",
        "utterance": "Hope to see you soon. Bye.",
        "intent": "END"
      }
    ]
  }
]