[
  {
    "conversation ID": "1655106215",
    "conversation": [
      {
        "participant": "AGENT",
        "utterance": "Hi there. I am IAI MovieBot, your movie recommending buddy. I can recommend you movies based on your preferences. I will ask you a few questions and based on your answers, I will try to find a movie for you.",
        "intent": "DISCLOSE.NON-DISCLOSE"
      },
      {
        "participant": "USER",
        "utterance": "Hi, okay.",
        "intent": "DISCLOSE.NON-DISCLOSE",
        "satisfaction": 3
      },
      {
        "participant": "AGENT",
        "utterance": "Do you have any specific genres in mind?",
        "intent": "INQUIRE.ELICIT"
      },
      {
        "participant": "USER",
        "utterance": "Crime, Adventure",
        "intent": "DISCLOSE",
        "satisfaction": 2,
        "slot_values": [
          [
            "GENRE",
            "Crime"
          ],
          [
            "GENRE",
            "Adventure"
          ]
        ]
      },
      {
        "participant": "AGENT",
        "utterance": "There are almost 400 crime and adventure films. Can you guide me more to narrow down the search space?What are you looking for in a movie? Some keywords would be good. For example, 'talking animal' or 'plaster cast'.",
        "intent": "INQUIRE.ELICIT"
      },
      {
        "participant": "USER",
        "utterance": "something pixar animation and pigs",
        "intent": "DISCLOSE",
        "satisfaction": 2,
        "slot_values": [
          [
            "KEYWORD",
            "pixar animation"
          ],
          [
            "KEYWORD",
            "pigs"
          ]
        ]
      },
      {
        "participant": "AGENT",
        "utterance": "Do you like: The Blues Brothers 7.9 133 min",
        "intent": "REVEAL"
      },
      {
        "participant": "USER",
        "utterance": "anything else?",
        "intent": "INQUIRE",
        "satisfaction": 2
      },
      {
        "participant": "AGENT",
        "utterance": "Sorry, I couldn't find any other crime and adventure, pigs films. Please select from the list of options to continue.",
        "intent": "REVEAL.NONE"
      },
      {
        "participant": "USER",
        "utterance": "I like this recommendation.",
        "intent": "NOTE.LIKE",
        "satisfaction": 2
      },
      {
        "participant": "AGENT",
        "utterance": "Sorry, I don't have any other crime and adventure, pigs films. Please select from the list of options to continue.",
        "intent": "REVEAL.NONE"
      },
      {
        "participant": "USER",
        "utterance": "I would like to restart",
        "intent": "DISCLOSE",
        "satisfaction": 2
      },
      {
        "participant": "AGENT",
        "utterance": "Sorry, I don't have any other crime and adventure, pigs films. Please select from the list of options to continue.",
        "intent": "REVEAL.NONE"
      },
      {
        "participant": "USER",
        "utterance": "I would like a similar recommendation.",
        "intent": "INQUIRE.SIMILAR",
        "satisfaction": 2
      },
      {
        "participant": "AGENT",
        "utterance": "Sorry, I couldn't find any other crime and adventure, pigs films. Please select from the list of options to continue.",
        "intent": "REVEAL.NONE"
      },
      {
        "participant": "USER",
        "utterance": "I have already watched it.",
        "intent": "NOTE.YES",
        "satisfaction": 2
      },
      {
        "participant": "AGENT",
        "utterance": "Sorry, I couldn't find any other crime and adventure, pigs films. Please select from the list of options to continue.",
        "intent": "REVEAL.NONE"
      },
      {
        "participant": "USER",
        "utterance": "No movies with pixar animation.",
        "intent": "REVEAL.REVISE",
        "satisfaction": 2,
        "slot_values": [
          [
            "KEYWORD",
            "pixar animation"
          ]
        ]
      },
      {
        "participant": "AGENT",
        "utterance": "Sorry, I couldn't find any other crime, adventure and non animation, pigs films. Please select from the list of options to continue.",
        "intent": "REVEAL.NONE"
      },
      {
        "participant": "USER",
        "utterance": "Thanks, bye",
        "intent": "COMPLETE",
        "satisfaction": 2
      },
      {
        "participant": "AGENT",
        "utterance": "I hope you had a good experience. Bye.",
        "intent": "END"
      }
    ],
    "agent": {
      "id": "MovieBot",
      "type": "BOT"
    },
    "user": {
      "id": "13",
      "type": "SIMULATOR"
    }
  },
  {
    "conversation ID": "1655106218",
    "conversation": [
      {
        "participant": "AGENT",
        "utterance": "Hi there. I am IAI MovieBot, your movie recommending buddy. I can recommend you movies based on your preferences. I will ask you a few questions and based on your answers, I will try to find a movie for you.",
        "intent": "DISCLOSE.NON-DISCLOSE"
      },
      {
        "participant": "USER",
        "utterance": "Hi, okay.",
        "intent": "DISCLOSE.NON-DISCLOSE",
        "satisfaction": 3
      },
      {
        "participant": "AGENT",
        "utterance": "Which genres do you prefer?",
        "intent": "INQUIRE.ELICIT"
      },
      {
        "participant": "USER",
        "utterance": "Sure, sounds fun.",
        "intent": "DISCLOSE.NON-DISCLOSE",
        "satisfaction": 3
      },
      {
        "participant": "AGENT",
        "utterance": "Do you like: The Salt of the Earth 8.5 110 min",
        "intent": "REVEAL"
      },
      {
        "participant": "USER",
        "utterance": "I would like a similar recommendation.",
        "intent": "INQUIRE.SIMILAR",
        "satisfaction": 2
      },
      {
        "participant": "AGENT",
        "utterance": "I believe I am stuck. I can't help you here.",
        "intent": "FAILED"
      },
      {
        "participant": "USER",
        "utterance": "I would like to quit now.",
        "intent": "COMPLETE",
        "satisfaction": 2
      },
      {
        "participant": "AGENT",
        "utterance": "I hope you had a good experience. Bye.",
        "intent": "END"
      }
    ],
    "agent": {
      "id": "MovieBot",
      "type": "BOT"
    },
    "user": {
      "id": "13",
      "type": "SIMULATOR"
    }
  },
  {
    "conversation ID": "1655106224",
    "conversation": [
      {
        "participant": "AGENT",
        "utterance": "Hi there. I am IAI MovieBot, your movie recommending buddy. I can recommend you movies based on your preferences. I will ask you a few questions and based on your answers, I will try to find a movie for you.",
        "intent": "DISCLOSE.NON-DISCLOSE"
      },
      {
        "participant": "USER",
        "utterance": "hello",
        "intent": "DISCLOSE.NON-DISCLOSE",
        "satisfaction": 3
      },
      {
        "participant": "AGENT",
        "utterance": "Do you have any specific genres in mind?",
        "intent": "INQUIRE.ELICIT"
      },
      {
        "participant": "USER",
        "utterance": "hello",
        "intent": "DISCLOSE.NON-DISCLOSE",
        "satisfaction": 3
      },
      {
        "participant": "AGENT",
        "utterance": "I could not find the genres hello.Can you guide me to narrow down the search space?Can you give me a few keywords? For example, 'crown jewels' or 'wrongful imprisonment'.",
        "intent": "INQUIRE.ELICIT"
      },
      {
        "participant": "USER",
        "utterance": "Crime, Adventure",
        "intent": "DISCLOSE",
        "satisfaction": 2,
        "slot_values": [
          [
            "GENRE",
            "Crime"
          ],
          [
            "GENRE",
            "Adventure"
          ]
        ]
      },
      {
        "participant": "AGENT",
        "utterance": "Do you like: The Godfather 9.2 175 min",
        "intent": "REVEAL"
      },
      {
        "participant": "USER",
        "utterance": "/restart",
        "intent": "DISCLOSE",
        "satisfaction": 2
      },
      {
        "participant": "AGENT",
        "utterance": "Let's restart.Which genres do you prefer?",
        "intent": "INQUIRE.ELICIT"
      },
      {
        "participant": "USER",
        "utterance": "Crime",
        "intent": "DISCLOSE",
        "satisfaction": 1,
        "slot_values": [
          [
            "GENRE",
            "Crime"
          ]
        ]
      },
      {
        "participant": "AGENT",
        "utterance": "There are almost 5300 crime films. Please answer a few more questions to help me find a good movie.Can you give me a few keywords? For example, 'organized crime' or 'crown jewels'.",
        "intent": "INQUIRE.ELICIT"
      },
      {
        "participant": "USER",
        "utterance": "something with pixar animation",
        "intent": "DISCLOSE",
        "satisfaction": 2,
        "slot_values": [
          [
            "KEYWORD",
            "pixar animation"
          ]
        ]
      },
      {
        "participant": "AGENT",
        "utterance": "Do you like: Cat City 8.4 96 min",
        "intent": "REVEAL"
      },
      {
        "participant": "USER",
        "utterance": "I want to restart for a new movie.",
        "intent": "DISCLOSE",
        "satisfaction": 2
      },
      {
        "participant": "AGENT",
        "utterance": "Actors Mikl\u00f3s Benedek, Gyula Bodrogi, Ilona B\u00e9res, P\u00e9ter Haumann, Andr\u00e1s Kern, Ferenc K\u00e1llai have played prominent roles in this movie.",
        "intent": "DISCLOSE.MORE"
      },
      {
        "participant": "USER",
        "utterance": "Sorry, I did not understand you.",
        "intent": "NOTE"
      },
      {
        "participant": "AGENT",
        "utterance": "Would you want to know more about \"Cat City\"?",
        "intent": "INQUIRE.MORE"
      },
      {
        "participant": "USER",
        "utterance": "I would like a similar recommendation.",
        "intent": "INQUIRE.SIMILAR",
        "satisfaction": 2
      },
      {
        "participant": "AGENT",
        "utterance": "Do you like: Cat on a Hot Tin Roof 8.0 108 min",
        "intent": "REVEAL"
      },
      {
        "participant": "USER",
        "utterance": "/restart",
        "intent": "DISCLOSE",
        "satisfaction": 2
      },
      {
        "participant": "AGENT",
        "utterance": "We are starting again.Which genres do you prefer?",
        "intent": "INQUIRE.ELICIT"
      },
      {
        "participant": "USER",
        "utterance": "Sorry, I did not understand you.",
        "intent": "NOTE"
      },
      {
        "participant": "AGENT",
        "utterance": "I could not find the genres you mentioned.Can you guide me to narrow down the search space?What are you looking for in a movie? Some keywords would be good. For example, 'tv special' or 'wrongful imprisonment'.",
        "intent": "INQUIRE.ELICIT"
      },
      {
        "participant": "USER",
        "utterance": "I like Crime movies",
        "intent": "DISCLOSE",
        "satisfaction": 2,
        "slot_values": [
          [
            "GENRE",
            "Crime"
          ]
        ]
      },
      {
        "participant": "AGENT",
        "utterance": "Do you like: The Godfather 9.2 175 min",
        "intent": "REVEAL"
      },
      {
        "participant": "USER",
        "utterance": "No movies with pixar animation.",
        "intent": "REVEAL.REVISE",
        "satisfaction": 2,
        "slot_values": [
          [
            "KEYWORD",
            "pixar animation"
          ]
        ]
      },
      {
        "participant": "AGENT",
        "utterance": "Do you like: Goodfellas 8.7 146 min",
        "intent": "REVEAL"
      },
      {
        "participant": "USER",
        "utterance": "no please.",
        "intent": "DISCLOSE",
        "satisfaction": 2
      },
      {
        "participant": "AGENT",
        "utterance": "Would you want to know more about \"Goodfellas\"?",
        "intent": "INQUIRE.MORE"
      },
      {
        "participant": "USER",
        "utterance": "i know this one",
        "intent": "NOTE.YES",
        "satisfaction": 2
      },
      {
        "participant": "AGENT",
        "utterance": "Do you like: Al Capone 6.8 104 min",
        "intent": "REVEAL"
      },
      {
        "participant": "USER",
        "utterance": "No movies with pigs.",
        "intent": "REVEAL.REVISE",
        "satisfaction": 2,
        "slot_values": [
          [
            "KEYWORD",
            "pigs"
          ]
        ]
      },
      {
        "participant": "AGENT",
        "utterance": "Do you like: United States of Secrets (Part One): The Program 8.8 114 min",
        "intent": "REVEAL"
      },
      {
        "participant": "USER",
        "utterance": "I would like a similar recommendation.",
        "intent": "INQUIRE.SIMILAR",
        "satisfaction": 2
      },
      {
        "participant": "AGENT",
        "utterance": "I believe I am stuck. I can't help you here.",
        "intent": "FAILED"
      },
      {
        "participant": "USER",
        "utterance": "Thanks, bye",
        "intent": "COMPLETE",
        "satisfaction": 2
      },
      {
        "participant": "AGENT",
        "utterance": "Hope to see you soon. Bye.",
        "intent": "END"
      }
    ],
    "agent": {
      "id": "MovieBot",
      "type": "BOT"
    },
    "user": {
      "id": "13",
      "type": "SIMULATOR"
    }
  },
  {
    "conversation ID": "1655106225",
    "conversation": [
      {
        "participant": "AGENT",
        "utterance": "Hi there. I am IAI MovieBot, your movie recommending buddy. I can recommend you movies based on your preferences. I will ask you a few questions and based on your answers, I will try to find a movie for you.",
        "intent": "DISCLOSE.NON-DISCLOSE"
      },
      {
        "participant": "USER",
        "utterance": "Hello.",
        "intent": "DISCLOSE.NON-DISCLOSE",
        "satisfaction": 3
      },
      {
        "participant": "AGENT",
        "utterance": "Do you have any specific genres in mind?",
        "intent": "INQUIRE.ELICIT"
      },
      {
        "participant": "USER",
        "utterance": "Hello.",
        "intent": "DISCLOSE.NON-DISCLOSE",
        "satisfaction": 3
      },
      {
        "participant": "AGENT",
        "utterance": "I could not find the genres Hello..Please answer a few questions to help me find a good movie.What are you looking for in a movie? Some keywords would be good. For example, 'wrongful imprisonment' or 'tv special'.",
        "intent": "INQUIRE.ELICIT"
      },
      {
        "participant": "USER",
        "utterance": "Crime Adventure",
        "intent": "DISCLOSE",
        "satisfaction": 2,
        "slot_values": [
          [
            "GENRE",
            "Crime"
          ],
          [
            "GENRE",
            "Adventure"
          ]
        ]
      },
      {
        "participant": "AGENT",
        "utterance": "Do you like: The Godfather 9.2 175 min",
        "intent": "REVEAL"
      },
      {
        "participant": "USER",
        "utterance": "no please.",
        "intent": "DISCLOSE",
        "satisfaction": 2
      },
      {
        "participant": "AGENT",
        "utterance": "Would you want to know more about \"The Godfather\"?",
        "intent": "INQUIRE.MORE"
      },
      {
        "participant": "USER",
        "utterance": "Let's start over.",
        "intent": "DISCLOSE",
        "satisfaction": 2
      },
      {
        "participant": "AGENT",
        "utterance": "Actors Marlon Brando, Al Pacino, James Caan, Richard S. Castellano, Robert Duvall, Sterling Hayden have played prominent roles in this movie.",
        "intent": "DISCLOSE.MORE"
      },
      {
        "participant": "USER",
        "utterance": "Sorry, I did not understand you.",
        "intent": "NOTE"
      },
      {
        "participant": "AGENT",
        "utterance": "Would you want to know more about \"The Godfather\"?",
        "intent": "INQUIRE.MORE"
      },
      {
        "participant": "USER",
        "utterance": "thank you",
        "intent": "NOTE.ACCEPT",
        "satisfaction": 2
      },
      {
        "participant": "AGENT",
        "utterance": "Sorry, I don't have any Crime films named similar to thank you. Please select from the list of options to continue.",
        "intent": "REVEAL.NONE"
      },
      {
        "participant": "USER",
        "utterance": "I would like to quit now.",
        "intent": "COMPLETE",
        "satisfaction": 2
      },
      {
        "participant": "AGENT",
        "utterance": "I hope you had a good experience. Bye.",
        "intent": "END"
      }
    ],
    "agent": {
      "id": "MovieBot",
      "type": "BOT"
    },
    "user": {
      "id": "13",
      "type": "SIMULATOR"
    }
  },
  {
    "conversation ID": "1655106227",
    "conversation": [
      {
        "participant": "AGENT",
        "utterance": "Hi there. I am IAI MovieBot, your movie recommending buddy. I can recommend you movies based on your preferences. I will ask you a few questions and based on your answers, I will try to find a movie for you.",
        "intent": "DISCLOSE.NON-DISCLOSE"
      },
      {
        "participant": "USER",
        "utterance": "Sure, sounds fun.",
        "intent": "DISCLOSE.NON-DISCLOSE",
        "satisfaction": 3
      },
      {
        "participant": "AGENT",
        "utterance": "There are almost 400 fun films. Can you guide me more to narrow down the search space?Do you have any specific genres in mind? For example, 'Thriller' or 'History'.",
        "intent": "INQUIRE.ELICIT"
      },
      {
        "participant": "USER",
        "utterance": "Okay, sounds good.",
        "intent": "DISCLOSE.NON-DISCLOSE",
        "satisfaction": 3
      },
      {
        "participant": "AGENT",
        "utterance": "Do you like: Man, Woman & the Wall 6.4 84 min",
        "intent": "REVEAL"
      },
      {
        "participant": "USER",
        "utterance": "I dont like it.",
        "intent": "NOTE.DISLIKE",
        "satisfaction": 2
      },
      {
        "participant": "AGENT",
        "utterance": "Do you like: Her Composition 5.3 93 min",
        "intent": "REVEAL"
      },
      {
        "participant": "USER",
        "utterance": "Let's start over.",
        "intent": "DISCLOSE",
        "satisfaction": 2
      },
      {
        "participant": "AGENT",
        "utterance": "Actors Lulu Wilson, Heather Matarazzo, Margot Bingham, Christian Campbell, Kevin Breznahan, John Rothman have played prominent roles in this movie.",
        "intent": "DISCLOSE.MORE"
      },
      {
        "participant": "USER",
        "utterance": "What is the plot?",
        "intent": "INQUIRE.MORE",
        "satisfaction": 3
      },
      {
        "participant": "AGENT",
        "utterance": "A very talented but artistically stuck composition student starts visiting high-end escort clients throughout New York City after failing to obtain her PhD scholarship. Absurdly out of place at first, morally pink Malorie is suddenly struck with unexpected musical experiences during her encounters and feels the urge to turn those perceptions into music. Recognizing her previous writing as rigid and boring, she decides to throw out her already finished thesis score and build her new one around her adventures, turning the unsuspecting men into her collective muse. In need of ever new experiences to finish her score within the 3 remaining weeks, Malorie for the first time feels in complete touch with her inner creative forces... or could she be simply on the verge of becoming insane? For nobody can explain her radical transformation and only her final performance can possibly tell the whole story -- if she can finish on time.",
        "intent": "DISCLOSE.MORE"
      },
      {
        "participant": "USER",
        "utterance": "What is it about?",
        "intent": "INQUIRE.MORE",
        "satisfaction": 2
      },
      {
        "participant": "AGENT",
        "utterance": "I believe I am stuck. I can't help you here.",
        "intent": "FAILED"
      },
      {
        "participant": "USER",
        "utterance": "Thanks, bye",
        "intent": "COMPLETE",
        "satisfaction": 2
      },
      {
        "participant": "AGENT",
        "utterance": "I hope you had a good experience. Bye.",
        "intent": "END"
      }
    ],
    "agent": {
      "id": "MovieBot",
      "type": "BOT"
    },
    "user": {
      "id": "13",
      "type": "SIMULATOR"
    }
  }
]