[
  {
    "conversation ID": "1655070217",
    "conversation": [
      {
        "participant": "AGENT",
        "utterance": "Hi there. I am IAI MovieBot, your movie recommending buddy. I can recommend you movies based on your preferences. I will ask you a few questions and based on your answers, I will try to find a movie for you.",
        "intent": "DISCLOSE.NON-DISCLOSE"
      },
      {
        "participant": "USER",
        "utterance": "Okay, sounds good.",
        "intent": "DISCLOSE.NON-DISCLOSE",
        "satisfaction": 3
      },
      {
        "participant": "AGENT",
        "utterance": "Do you like: Man, Woman & the Wall 6.4 84 min",
        "intent": "REVEAL"
      },
      {
        "participant": "USER",
        "utterance": "Hi, okay.",
        "intent": "DISCLOSE.NON-DISCLOSE",
        "satisfaction": 3
      },
      {
        "participant": "AGENT",
        "utterance": "Do you have any specific genres in mind? For example, 'Music' or 'Adventure'.",
        "intent": "INQUIRE.ELICIT"
      },
      {
        "participant": "USER",
        "utterance": "Hello.",
        "intent": "DISCLOSE.NON-DISCLOSE",
        "satisfaction": 3
      },
      {
        "participant": "AGENT",
        "utterance": "Do you like: Her Composition 5.3 93 min",
        "intent": "REVEAL"
      },
      {
        "participant": "USER",
        "utterance": "Hello.",
        "intent": "DISCLOSE.NON-DISCLOSE",
        "satisfaction": 3
      },
      {
        "participant": "AGENT",
        "utterance": "Sorry I can't help you with that.",
        "intent": "FAILED"
      },
      {
        "participant": "USER",
        "utterance": "Sorry, I did not understand you.",
        "intent": "NOTE"
      },
      {
        "participant": "AGENT",
        "utterance": "Would you want to know more about \"Her Composition\"?",
        "intent": "INQUIRE.MORE"
      },
      {
        "participant": "USER",
        "utterance": "Sorry, I did not understand you.",
        "intent": "NOTE"
      },
      {
        "participant": "AGENT",
        "utterance": "Would you want to know more about \"Her Composition\"?",
        "intent": "INQUIRE.MORE"
      },
      {
        "participant": "USER",
        "utterance": "another recommendation",
        "intent": "INQUIRE",
        "satisfaction": 2
      },
      {
        "participant": "AGENT",
        "utterance": "Sorry, I don't have any other sounds films. Please select from the list of options to continue.",
        "intent": "REVEAL.NONE"
      },
      {
        "participant": "USER",
        "utterance": "Let's start over.",
        "intent": "DISCLOSE",
        "satisfaction": 2
      },
      {
        "participant": "AGENT",
        "utterance": "Sorry, I don't have any other sounds films. Please select from the list of options to continue.",
        "intent": "REVEAL.NONE"
      },
      {
        "participant": "USER",
        "utterance": "I like this recommendation.",
        "intent": "NOTE.LIKE",
        "satisfaction": 2
      },
      {
        "participant": "AGENT",
        "utterance": "Sorry, I couldn't find any other sounds films. Please select from the list of options to continue.",
        "intent": "REVEAL.NONE"
      },
      {
        "participant": "USER",
        "utterance": "I like this recommendation.",
        "intent": "NOTE.LIKE",
        "satisfaction": 2
      },
      {
        "participant": "AGENT",
        "utterance": "Sorry, I don't have any other sounds films. Please select from the list of options to continue.",
        "intent": "REVEAL.NONE"
      },
      {
        "participant": "USER",
        "utterance": "Let's start over.",
        "intent": "DISCLOSE",
        "satisfaction": 2
      },
      {
        "participant": "AGENT",
        "utterance": "Sorry, I couldn't find any other sounds films. Please select from the list of options to continue.",
        "intent": "REVEAL.NONE"
      },
      {
        "participant": "USER",
        "utterance": "I would like to quit now.",
        "intent": "COMPLETE",
        "satisfaction": 2
      },
      {
        "participant": "AGENT",
        "utterance": "Hope to see you soon. Bye.",
        "intent": "END"
      }
    ],
    "agent": {
      "id": "MovieBot",
      "type": "BOT"
    },
    "user": {
      "id": "15",
      "type": "SIMULATOR"
    }
  },
  {
    "conversation ID": "1655070224",
    "conversation": [
      {
        "participant": "AGENT",
        "utterance": "Hi there. I am IAI MovieBot, your movie recommending buddy. I can recommend you movies based on your preferences. I will ask you a few questions and based on your answers, I will try to find a movie for you.",
        "intent": "DISCLOSE.NON-DISCLOSE"
      },
      {
        "participant": "USER",
        "utterance": "Okay, sounds good.",
        "intent": "DISCLOSE.NON-DISCLOSE",
        "satisfaction": 3
      },
      {
        "participant": "AGENT",
        "utterance": "Do you like: Man, Woman & the Wall 6.4 84 min",
        "intent": "REVEAL"
      },
      {
        "participant": "USER",
        "utterance": "hello",
        "intent": "DISCLOSE.NON-DISCLOSE",
        "satisfaction": 3
      },
      {
        "participant": "AGENT",
        "utterance": "Which genres do you prefer? For example, 'Romance' or 'Thriller'.",
        "intent": "INQUIRE.ELICIT"
      },
      {
        "participant": "USER",
        "utterance": "Hi",
        "intent": "DISCLOSE.NON-DISCLOSE",
        "satisfaction": 3
      },
      {
        "participant": "AGENT",
        "utterance": "Do you like: Her Composition 5.3 93 min",
        "intent": "REVEAL"
      },
      {
        "participant": "USER",
        "utterance": "Sure, sounds fun.",
        "intent": "DISCLOSE.NON-DISCLOSE",
        "satisfaction": 3
      },
      {
        "participant": "AGENT",
        "utterance": "Do you like: The Salt of the Earth 8.5 110 min",
        "intent": "REVEAL"
      },
      {
        "participant": "USER",
        "utterance": "I like this recommendation.",
        "intent": "NOTE.LIKE",
        "satisfaction": 2
      },
      {
        "participant": "AGENT",
        "utterance": "Please choose your next step:",
        "intent": "INQUIRE.NEXT"
      },
      {
        "participant": "USER",
        "utterance": "Let's start over.",
        "intent": "DISCLOSE",
        "satisfaction": 2
      },
      {
        "participant": "AGENT",
        "utterance": "Actors Sebasti\u00e3o Salgado, Wim Wenders, L\u00e9lia Wanick Salgado, Juliano Ribeiro Salgado, Hugo Barbier, Jacques Barth\u00e9l\u00e9my have played prominent roles in this movie.",
        "intent": "DISCLOSE.MORE"
      },
      {
        "participant": "USER",
        "utterance": "/restart",
        "intent": "DISCLOSE",
        "satisfaction": 2
      },
      {
        "participant": "AGENT",
        "utterance": "We are starting again.Do you have any specific genres in mind?",
        "intent": "INQUIRE.ELICIT"
      },
      {
        "participant": "USER",
        "utterance": "Drama",
        "intent": "DISCLOSE",
        "satisfaction": 1,
        "slot_values": [
          [
            "GENRE",
            "Drama"
          ]
        ]
      },
      {
        "participant": "AGENT",
        "utterance": "There are almost 20200 drama films. Can you guide me more to narrow down the search space?Can you give me a few keywords? For example, 'crime family' or 'crown jewels'.",
        "intent": "INQUIRE.ELICIT"
      },
      {
        "participant": "USER",
        "utterance": "Sorry, I did not understand you.",
        "intent": "NOTE"
      },
      {
        "participant": "AGENT",
        "utterance": "Do you like: The Reichenbach Fall 9.7 88 min",
        "intent": "REVEAL"
      },
      {
        "participant": "USER",
        "utterance": "I like this",
        "intent": "NOTE.LIKE",
        "satisfaction": 2
      },
      {
        "participant": "AGENT",
        "utterance": "Sorry I can't help you with that.",
        "intent": "FAILED"
      },
      {
        "participant": "USER",
        "utterance": "I like this recommendation.",
        "intent": "NOTE.LIKE",
        "satisfaction": 2
      },
      {
        "participant": "AGENT",
        "utterance": "I believe I am stuck. I can't help you here.",
        "intent": "FAILED"
      },
      {
        "participant": "USER",
        "utterance": "I would like to quit now.",
        "intent": "COMPLETE",
        "satisfaction": 2
      },
      {
        "participant": "AGENT",
        "utterance": "I hope you had a good experience. Bye.",
        "intent": "END"
      }
    ],
    "agent": {
      "id": "MovieBot",
      "type": "BOT"
    },
    "user": {
      "id": "15",
      "type": "SIMULATOR"
    }
  },
  {
    "conversation ID": "1655070226",
    "conversation": [
      {
        "participant": "AGENT",
        "utterance": "Hi there. I am IAI MovieBot, your movie recommending buddy. I can recommend you movies based on your preferences. I will ask you a few questions and based on your answers, I will try to find a movie for you.",
        "intent": "DISCLOSE.NON-DISCLOSE"
      },
      {
        "participant": "USER",
        "utterance": "Sure, sounds fun.",
        "intent": "DISCLOSE.NON-DISCLOSE",
        "satisfaction": 3
      },
      {
        "participant": "AGENT",
        "utterance": "I have found almost 400 fun films. Can you guide me more to narrow down the search space?Do you have any specific genres in mind? For example, 'Documentary' or 'Biography'.",
        "intent": "INQUIRE.ELICIT"
      },
      {
        "participant": "USER",
        "utterance": "Sure, sounds fun.",
        "intent": "DISCLOSE.NON-DISCLOSE",
        "satisfaction": 3
      },
      {
        "participant": "AGENT",
        "utterance": "Do you like: The Salt of the Earth 8.5 110 min",
        "intent": "REVEAL"
      },
      {
        "participant": "USER",
        "utterance": "Hello.",
        "intent": "DISCLOSE.NON-DISCLOSE",
        "satisfaction": 3
      },
      {
        "participant": "AGENT",
        "utterance": "I believe I am stuck. I can't help you here.",
        "intent": "FAILED"
      },
      {
        "participant": "USER",
        "utterance": "duration",
        "intent": "INQUIRE.MORE",
        "satisfaction": 2
      },
      {
        "participant": "AGENT",
        "utterance": "Its duration is 110 minutes.",
        "intent": "DISCLOSE.MORE"
      },
      {
        "participant": "USER",
        "utterance": "Let's start over.",
        "intent": "DISCLOSE",
        "satisfaction": 2
      },
      {
        "participant": "AGENT",
        "utterance": "Actors Sebasti\u00e3o Salgado, Wim Wenders, L\u00e9lia Wanick Salgado, Juliano Ribeiro Salgado, Hugo Barbier, Jacques Barth\u00e9l\u00e9my have played prominent roles in this movie.",
        "intent": "DISCLOSE.MORE"
      },
      {
        "participant": "USER",
        "utterance": "a new movie",
        "intent": "DISCLOSE",
        "satisfaction": 2
      },
      {
        "participant": "AGENT",
        "utterance": "Do you like: Marley 8.0 144 min",
        "intent": "REVEAL"
      },
      {
        "participant": "USER",
        "utterance": "What is it about?",
        "intent": "INQUIRE.MORE",
        "satisfaction": 2
      },
      {
        "participant": "AGENT",
        "utterance": "I believe I am stuck. I can't help you here.",
        "intent": "FAILED"
      },
      {
        "participant": "USER",
        "utterance": "duration",
        "intent": "INQUIRE.MORE",
        "satisfaction": 2
      },
      {
        "participant": "AGENT",
        "utterance": "This movie is 144 minutes long.",
        "intent": "DISCLOSE.MORE"
      },
      {
        "participant": "USER",
        "utterance": "I will try it",
        "intent": "NOTE.ACCEPT",
        "satisfaction": 2
      },
      {
        "participant": "AGENT",
        "utterance": "I believe I am stuck. I can't help you here.",
        "intent": "FAILED"
      },
      {
        "participant": "USER",
        "utterance": "I will try it",
        "intent": "NOTE.ACCEPT",
        "satisfaction": 2
      },
      {
        "participant": "AGENT",
        "utterance": "I believe I am stuck. I can't help you here.",
        "intent": "FAILED"
      },
      {
        "participant": "USER",
        "utterance": "another recommendation",
        "intent": "INQUIRE",
        "satisfaction": 2
      },
      {
        "participant": "AGENT",
        "utterance": "Do you like: Bridegroom 8.0 80 min",
        "intent": "REVEAL"
      },
      {
        "participant": "USER",
        "utterance": "I would like to quit now.",
        "intent": "COMPLETE",
        "satisfaction": 2
      },
      {
        "participant": "AGENT",
        "utterance": "I hope you had a good experience. Bye.",
        "intent": "END"
      }
    ],
    "agent": {
      "id": "MovieBot",
      "type": "BOT"
    },
    "user": {
      "id": "15",
      "type": "SIMULATOR"
    }
  },
  {
    "conversation ID": "1655070235",
    "conversation": [
      {
        "participant": "AGENT",
        "utterance": "Hi there. I am IAI MovieBot, your movie recommending buddy. I can recommend you movies based on your preferences. I will ask you a few questions and based on your answers, I will try to find a movie for you.",
        "intent": "DISCLOSE.NON-DISCLOSE"
      },
      {
        "participant": "USER",
        "utterance": "Okay, sounds good.",
        "intent": "DISCLOSE.NON-DISCLOSE",
        "satisfaction": 3
      },
      {
        "participant": "AGENT",
        "utterance": "Do you like: Man, Woman & the Wall 6.4 84 min",
        "intent": "REVEAL"
      },
      {
        "participant": "USER",
        "utterance": "Hi",
        "intent": "DISCLOSE.NON-DISCLOSE",
        "satisfaction": 3
      },
      {
        "participant": "AGENT",
        "utterance": "Which genres do you prefer? For example, 'Thriller' or 'Adventure'.",
        "intent": "INQUIRE.ELICIT"
      },
      {
        "participant": "USER",
        "utterance": "hello",
        "intent": "DISCLOSE.NON-DISCLOSE",
        "satisfaction": 3
      },
      {
        "participant": "AGENT",
        "utterance": "Do you like: Her Composition 5.3 93 min",
        "intent": "REVEAL"
      },
      {
        "participant": "USER",
        "utterance": "Hi, okay.",
        "intent": "DISCLOSE.NON-DISCLOSE",
        "satisfaction": 3
      },
      {
        "participant": "AGENT",
        "utterance": "I believe I am stuck. I can't help you here.",
        "intent": "FAILED"
      },
      {
        "participant": "USER",
        "utterance": "duration",
        "intent": "INQUIRE.MORE",
        "satisfaction": 2
      },
      {
        "participant": "AGENT",
        "utterance": "This movie is 93 minutes long.",
        "intent": "DISCLOSE.MORE"
      },
      {
        "participant": "USER",
        "utterance": "Let's start over.",
        "intent": "DISCLOSE",
        "satisfaction": 2
      },
      {
        "participant": "AGENT",
        "utterance": "Actors Lulu Wilson, Heather Matarazzo, Margot Bingham, Christian Campbell, Kevin Breznahan, John Rothman have played prominent roles in this movie.",
        "intent": "DISCLOSE.MORE"
      },
      {
        "participant": "USER",
        "utterance": "Let's start over.",
        "intent": "DISCLOSE",
        "satisfaction": 2
      },
      {
        "participant": "AGENT",
        "utterance": "Some of the famous actors in this movie are Lulu Wilson, Heather Matarazzo, Margot Bingham, Christian Campbell, Kevin Breznahan, John Rothman.",
        "intent": "DISCLOSE.MORE"
      },
      {
        "participant": "USER",
        "utterance": "Sorry, I did not understand you.",
        "intent": "NOTE"
      },
      {
        "participant": "AGENT",
        "utterance": "Would you want to know more about \"Her Composition\"?",
        "intent": "INQUIRE.MORE"
      },
      {
        "participant": "USER",
        "utterance": "Sorry, I did not understand you.",
        "intent": "NOTE"
      },
      {
        "participant": "AGENT",
        "utterance": "Would you want to know more about \"Her Composition\"?",
        "intent": "INQUIRE.MORE"
      },
      {
        "participant": "USER",
        "utterance": "Let's start over.",
        "intent": "DISCLOSE",
        "satisfaction": 2
      },
      {
        "participant": "AGENT",
        "utterance": "Actors Lulu Wilson, Heather Matarazzo, Margot Bingham, Christian Campbell, Kevin Breznahan, John Rothman have played prominent roles in this movie.",
        "intent": "DISCLOSE.MORE"
      },
      {
        "participant": "USER",
        "utterance": "no please.",
        "intent": "DISCLOSE",
        "satisfaction": 2
      },
      {
        "participant": "AGENT",
        "utterance": "Would you want to know more about \"Her Composition\"?",
        "intent": "INQUIRE.MORE"
      },
      {
        "participant": "USER",
        "utterance": "a new movie",
        "intent": "DISCLOSE",
        "satisfaction": 2
      },
      {
        "participant": "AGENT",
        "utterance": "Sorry, I don't have any other sounds films from the year  > 2010. Please select from the list of options to continue.",
        "intent": "REVEAL.NONE"
      },
      {
        "participant": "USER",
        "utterance": "Let's start over.",
        "intent": "DISCLOSE",
        "satisfaction": 2
      },
      {
        "participant": "AGENT",
        "utterance": "Sorry, I don't have any other sounds films from the year  > 2010. Please select from the list of options to continue.",
        "intent": "REVEAL.NONE"
      },
      {
        "participant": "USER",
        "utterance": "another recommendation",
        "intent": "INQUIRE",
        "satisfaction": 2
      },
      {
        "participant": "AGENT",
        "utterance": "Sorry, I don't have any other sounds films from the year  > 2010. Please select from the list of options to continue.",
        "intent": "REVEAL.NONE"
      },
      {
        "participant": "USER",
        "utterance": "I like this recommendation.",
        "intent": "NOTE.LIKE",
        "satisfaction": 2
      },
      {
        "participant": "AGENT",
        "utterance": "Sorry, I couldn't find any other sounds films from the year  > 2010. Please select from the list of options to continue.",
        "intent": "REVEAL.NONE"
      },
      {
        "participant": "USER",
        "utterance": "I like this recommendation.",
        "intent": "NOTE.LIKE",
        "satisfaction": 2
      },
      {
        "participant": "AGENT",
        "utterance": "Sorry, I don't have any other sounds films from the year  > 2010. Please select from the list of options to continue.",
        "intent": "REVEAL.NONE"
      },
      {
        "participant": "USER",
        "utterance": "No movies with oscar (best directing).",
        "intent": "REVEAL.REVISE",
        "satisfaction": 2,
        "slot_values": [
          [
            "KEYWORD",
            "oscar (best directing)"
          ]
        ]
      },
      {
        "participant": "AGENT",
        "utterance": "Sorry, I couldn't find any (best films from the year  > 2010 not starring oscar. Please select from the list of options to continue.",
        "intent": "REVEAL.NONE"
      },
      {
        "participant": "USER",
        "utterance": "yes",
        "intent": "NOTE.LIKE",
        "satisfaction": 2
      },
      {
        "participant": "AGENT",
        "utterance": "Sorry, I couldn't find any (best films from the year  > 2010 not starring oscar. Please select from the list of options to continue.",
        "intent": "REVEAL.NONE"
      },
      {
        "participant": "USER",
        "utterance": "yes I like it",
        "intent": "NOTE.LIKE",
        "satisfaction": 2
      },
      {
        "participant": "AGENT",
        "utterance": "Sorry, I couldn't find any (best films from the year  > 2010 not starring oscar. Please select from the list of options to continue.",
        "intent": "REVEAL.NONE"
      },
      {
        "participant": "USER",
        "utterance": "No movies with oscar (best directing).",
        "intent": "REVEAL.REVISE",
        "satisfaction": 2,
        "slot_values": [
          [
            "KEYWORD",
            "oscar (best directing)"
          ]
        ]
      },
      {
        "participant": "AGENT",
        "utterance": "Sorry, I don't have any (best films from the year  > 2010 not starring oscar. Please select from the list of options to continue.",
        "intent": "REVEAL.NONE"
      },
      {
        "participant": "USER",
        "utterance": "No need of a Drama film.",
        "intent": "REVEAL.REVISE",
        "satisfaction": 2,
        "slot_values": [
          [
            "GENRE",
            "Drama"
          ]
        ]
      },
      {
        "participant": "AGENT",
        "utterance": "Sorry, I don't have any non drama, (best films from the year  > 2010 not starring oscar. Please select from the list of options to continue.",
        "intent": "REVEAL.NONE"
      },
      {
        "participant": "USER",
        "utterance": "okay sounds good! I will give it a try.",
        "intent": "NOTE.ACCEPT",
        "satisfaction": 3
      },
      {
        "participant": "AGENT",
        "utterance": "Sorry, I don't have any non drama, sounds films from the year  > 2010 not starring oscar. Please select from the list of options to continue.",
        "intent": "REVEAL.NONE"
      },
      {
        "participant": "USER",
        "utterance": "okay sounds good! I will give it a try.",
        "intent": "NOTE.ACCEPT",
        "satisfaction": 3
      },
      {
        "participant": "AGENT",
        "utterance": "Sorry, I don't have any non drama, sounds films from the year  > 2010 not starring oscar. Please select from the list of options to continue.",
        "intent": "REVEAL.NONE"
      },
      {
        "participant": "USER",
        "utterance": "Let's start over.",
        "intent": "DISCLOSE",
        "satisfaction": 2
      },
      {
        "participant": "AGENT",
        "utterance": "Sorry, I couldn't find any non drama, sounds films from the year  > 2010 not starring oscar. Please select from the list of options to continue.",
        "intent": "REVEAL.NONE"
      },
      {
        "participant": "USER",
        "utterance": "I would like to quit now.",
        "intent": "COMPLETE",
        "satisfaction": 2
      },
      {
        "participant": "AGENT",
        "utterance": "Hope to see you soon. Bye.",
        "intent": "END"
      }
    ],
    "agent": {
      "id": "MovieBot",
      "type": "BOT"
    },
    "user": {
      "id": "15",
      "type": "SIMULATOR"
    }
  },
  {
    "conversation ID": "1655070244",
    "conversation": [
      {
        "participant": "AGENT",
        "utterance": "Hi there. I am IAI MovieBot, your movie recommending buddy. I can recommend you movies based on your preferences. I will ask you a few questions and based on your answers, I will try to find a movie for you.",
        "intent": "DISCLOSE.NON-DISCLOSE"
      },
      {
        "participant": "USER",
        "utterance": "Sure, sounds fun.",
        "intent": "DISCLOSE.NON-DISCLOSE",
        "satisfaction": 3
      },
      {
        "participant": "AGENT",
        "utterance": "I have found almost 400 fun films. Please answer a few more questions to help me find a good movie.Which genres do you prefer? For example, 'Biography' or 'News'.",
        "intent": "INQUIRE.ELICIT"
      },
      {
        "participant": "USER",
        "utterance": "Sure, sounds fun.",
        "intent": "DISCLOSE.NON-DISCLOSE",
        "satisfaction": 3
      },
      {
        "participant": "AGENT",
        "utterance": "Do you like: The Salt of the Earth 8.5 110 min",
        "intent": "REVEAL"
      },
      {
        "participant": "USER",
        "utterance": "hello",
        "intent": "DISCLOSE.NON-DISCLOSE",
        "satisfaction": 3
      },
      {
        "participant": "AGENT",
        "utterance": "I believe I am stuck. I can't help you here.",
        "intent": "FAILED"
      },
      {
        "participant": "USER",
        "utterance": "Sorry, I did not understand you.",
        "intent": "NOTE"
      },
      {
        "participant": "AGENT",
        "utterance": "Would you want to know more about \"The Salt of the Earth\"?",
        "intent": "INQUIRE.MORE"
      },
      {
        "participant": "USER",
        "utterance": "Sorry, I did not understand you.",
        "intent": "NOTE"
      },
      {
        "participant": "AGENT",
        "utterance": "Would you want to know more about \"The Salt of the Earth\"?",
        "intent": "INQUIRE.MORE"
      },
      {
        "participant": "USER",
        "utterance": "another recommendation",
        "intent": "INQUIRE",
        "satisfaction": 2
      },
      {
        "participant": "AGENT",
        "utterance": "Do you like: Repentance 8.4 153 min",
        "intent": "REVEAL"
      },
      {
        "participant": "USER",
        "utterance": "Let's start over.",
        "intent": "DISCLOSE",
        "satisfaction": 2
      },
      {
        "participant": "AGENT",
        "utterance": "Actors Avtandil Makharadze, Ia Ninidze, Zeinab Botsvadze, Ketevan Abuladze, David Giorgobiani, Kakhi Kavsadze have played prominent roles in this movie.",
        "intent": "DISCLOSE.MORE"
      },
      {
        "participant": "USER",
        "utterance": "a new movie",
        "intent": "DISCLOSE",
        "satisfaction": 2
      },
      {
        "participant": "AGENT",
        "utterance": "Do you like: Marley 8.0 144 min",
        "intent": "REVEAL"
      },
      {
        "participant": "USER",
        "utterance": "director name",
        "intent": "INQUIRE.MORE",
        "satisfaction": 2
      },
      {
        "participant": "AGENT",
        "utterance": "Its directed by Kevin Macdonald.",
        "intent": "DISCLOSE.MORE"
      },
      {
        "participant": "USER",
        "utterance": "Sorry, I did not understand you.",
        "intent": "NOTE"
      },
      {
        "participant": "AGENT",
        "utterance": "Would you want to know more about \"Marley\"?",
        "intent": "INQUIRE.MORE"
      },
      {
        "participant": "USER",
        "utterance": "Sorry, I did not understand you.",
        "intent": "NOTE"
      },
      {
        "participant": "AGENT",
        "utterance": "Would you want to know more about \"Marley\"?",
        "intent": "INQUIRE.MORE"
      },
      {
        "participant": "USER",
        "utterance": "already seen it",
        "intent": "NOTE.YES",
        "satisfaction": 2
      },
      {
        "participant": "AGENT",
        "utterance": "Do you like: Bridegroom 8.0 80 min",
        "intent": "REVEAL"
      },
      {
        "participant": "USER",
        "utterance": "Let's start over.",
        "intent": "DISCLOSE",
        "satisfaction": 2
      },
      {
        "participant": "AGENT",
        "utterance": "Actors Cindy Bitney, David Crone, Jessica Mitchell, Lizzy Mohl, Judy Crone, Pat Managhan have played prominent roles in this movie.",
        "intent": "DISCLOSE.MORE"
      },
      {
        "participant": "USER",
        "utterance": "Let's start over.",
        "intent": "DISCLOSE",
        "satisfaction": 2
      },
      {
        "participant": "AGENT",
        "utterance": "Actors Cindy Bitney, David Crone, Jessica Mitchell, Lizzy Mohl, Judy Crone, Pat Managhan have played prominent roles in this movie.",
        "intent": "DISCLOSE.MORE"
      },
      {
        "participant": "USER",
        "utterance": "Sorry, I did not understand you.",
        "intent": "NOTE"
      },
      {
        "participant": "AGENT",
        "utterance": "Would you want to know more about \"Bridegroom\"?",
        "intent": "INQUIRE.MORE"
      },
      {
        "participant": "USER",
        "utterance": "Sorry, I did not understand you.",
        "intent": "NOTE"
      },
      {
        "participant": "AGENT",
        "utterance": "Would you want to know more about \"Bridegroom\"?",
        "intent": "INQUIRE.MORE"
      },
      {
        "participant": "USER",
        "utterance": "already seen it",
        "intent": "NOTE.YES",
        "satisfaction": 2
      },
      {
        "participant": "AGENT",
        "utterance": "Do you like: Captain Fantastic 7.9 118 min",
        "intent": "REVEAL"
      },
      {
        "participant": "USER",
        "utterance": "Let's start over.",
        "intent": "DISCLOSE",
        "satisfaction": 2
      },
      {
        "participant": "AGENT",
        "utterance": "Some of the famous actors in this movie are Viggo Mortensen, George MacKay, Samantha Isler, Annalise Basso, Nicholas Hamilton, Shree Crooks.",
        "intent": "DISCLOSE.MORE"
      },
      {
        "participant": "USER",
        "utterance": "Let's start over.",
        "intent": "DISCLOSE",
        "satisfaction": 2
      },
      {
        "participant": "AGENT",
        "utterance": "Some of the famous actors in this movie are Viggo Mortensen, George MacKay, Samantha Isler, Annalise Basso, Nicholas Hamilton, Shree Crooks.",
        "intent": "DISCLOSE.MORE"
      },
      {
        "participant": "USER",
        "utterance": "another recommendation",
        "intent": "INQUIRE",
        "satisfaction": 2
      },
      {
        "participant": "AGENT",
        "utterance": "Do you like: Knives Out 7.9 131 min",
        "intent": "REVEAL"
      },
      {
        "participant": "USER",
        "utterance": "Let's start over.",
        "intent": "DISCLOSE",
        "satisfaction": 2
      },
      {
        "participant": "AGENT",
        "utterance": "Actors Daniel Craig, Chris Evans, Ana de Armas, Jamie Lee Curtis, Michael Shannon, Don Johnson have played prominent roles in this movie.",
        "intent": "DISCLOSE.MORE"
      },
      {
        "participant": "USER",
        "utterance": "I would like to restart",
        "intent": "DISCLOSE",
        "satisfaction": 2
      },
      {
        "participant": "AGENT",
        "utterance": "Actors Daniel Craig, Chris Evans, Ana de Armas, Jamie Lee Curtis, Michael Shannon, Don Johnson have played prominent roles in this movie.",
        "intent": "DISCLOSE.MORE"
      },
      {
        "participant": "USER",
        "utterance": "Sorry, I did not understand you.",
        "intent": "NOTE"
      },
      {
        "participant": "AGENT",
        "utterance": "Would you want to know more about \"Knives Out\"?",
        "intent": "INQUIRE.MORE"
      },
      {
        "participant": "USER",
        "utterance": "Sorry, I did not understand you.",
        "intent": "NOTE"
      },
      {
        "participant": "AGENT",
        "utterance": "Would you want to know more about \"Knives Out\"?",
        "intent": "INQUIRE.MORE"
      },
      {
        "participant": "USER",
        "utterance": "duration",
        "intent": "INQUIRE.MORE",
        "satisfaction": 2
      },
      {
        "participant": "AGENT",
        "utterance": "Its duration is 131 minutes.",
        "intent": "DISCLOSE.MORE"
      },
      {
        "participant": "USER",
        "utterance": "Let's start over.",
        "intent": "DISCLOSE",
        "satisfaction": 2
      },
      {
        "participant": "AGENT",
        "utterance": "Actors Daniel Craig, Chris Evans, Ana de Armas, Jamie Lee Curtis, Michael Shannon, Don Johnson have played prominent roles in this movie.",
        "intent": "DISCLOSE.MORE"
      },
      {
        "participant": "USER",
        "utterance": "a new movie",
        "intent": "DISCLOSE",
        "satisfaction": 2
      },
      {
        "participant": "AGENT",
        "utterance": "Do you like: The Butterfly's Dream 7.8 138 min",
        "intent": "REVEAL"
      },
      {
        "participant": "USER",
        "utterance": "Tell me more about it.",
        "intent": "INQUIRE.ITEMINFO",
        "satisfaction": 1
      },
      {
        "participant": "AGENT",
        "utterance": "What would you like to know about \"The Butterfly's Dream\"?",
        "intent": "INQUIRE.MORE"
      },
      {
        "participant": "USER",
        "utterance": "duration",
        "intent": "INQUIRE.MORE",
        "satisfaction": 2
      },
      {
        "participant": "AGENT",
        "utterance": "This movie is 138 minutes long.",
        "intent": "DISCLOSE.MORE"
      },
      {
        "participant": "USER",
        "utterance": "duration",
        "intent": "INQUIRE.MORE",
        "satisfaction": 2
      },
      {
        "participant": "AGENT",
        "utterance": "This movie is 138 minutes long.",
        "intent": "DISCLOSE.MORE"
      },
      {
        "participant": "USER",
        "utterance": "Sorry, I did not understand you.",
        "intent": "NOTE"
      },
      {
        "participant": "AGENT",
        "utterance": "Would you want to know more about \"The Butterfly's Dream\"?",
        "intent": "INQUIRE.MORE"
      },
      {
        "participant": "USER",
        "utterance": "Sorry, I did not understand you.",
        "intent": "NOTE"
      },
      {
        "participant": "AGENT",
        "utterance": "Would you want to know more about \"The Butterfly's Dream\"?",
        "intent": "INQUIRE.MORE"
      },
      {
        "participant": "USER",
        "utterance": "already seen it",
        "intent": "NOTE.YES",
        "satisfaction": 2
      },
      {
        "participant": "AGENT",
        "utterance": "Do you like: Kingsman: The Secret Service 7.7 129 min",
        "intent": "REVEAL"
      },
      {
        "participant": "USER",
        "utterance": "I like this recommendation.",
        "intent": "NOTE.LIKE",
        "satisfaction": 2
      },
      {
        "participant": "AGENT",
        "utterance": "Please choose your next step:",
        "intent": "INQUIRE.NEXT"
      },
      {
        "participant": "USER",
        "utterance": "I would like a similar recommendation.",
        "intent": "INQUIRE.SIMILAR",
        "satisfaction": 2
      },
      {
        "participant": "AGENT",
        "utterance": "Do you like: Akira 8.0 124 min",
        "intent": "REVEAL"
      },
      {
        "participant": "USER",
        "utterance": "No",
        "intent": "NOTE.DISLIKE",
        "satisfaction": 2
      },
      {
        "participant": "AGENT",
        "utterance": "Would you want to know more about \"Akira\"?",
        "intent": "INQUIRE.MORE"
      },
      {
        "participant": "USER",
        "utterance": "No",
        "intent": "NOTE.DISLIKE",
        "satisfaction": 2
      },
      {
        "participant": "AGENT",
        "utterance": "Would you want to know more about \"Akira\"?",
        "intent": "INQUIRE.MORE"
      },
      {
        "participant": "USER",
        "utterance": "already seen it",
        "intent": "NOTE.YES",
        "satisfaction": 2
      },
      {
        "participant": "AGENT",
        "utterance": "Do you like: X-Men: Days of Future Past 8.0 132 min",
        "intent": "REVEAL"
      },
      {
        "participant": "USER",
        "utterance": "I would like to quit now.",
        "intent": "COMPLETE",
        "satisfaction": 2
      },
      {
        "participant": "AGENT",
        "utterance": "I hope you had a good experience. Bye.",
        "intent": "END"
      }
    ],
    "agent": {
      "id": "MovieBot",
      "type": "BOT"
    },
    "user": {
      "id": "15",
      "type": "SIMULATOR"
    }
  }
]