[
  {
    "conversation ID": "1655072147",
    "conversation": [
      {
        "participant": "AGENT",
        "utterance": "Hi there. I am IAI MovieBot, your movie recommending buddy. I can recommend you movies based on your preferences. I will ask you a few questions and based on your answers, I will try to find a movie for you.",
        "intent": "DISCLOSE.NON-DISCLOSE"
      },
      {
        "participant": "USER",
        "utterance": "Hi",
        "intent": "DISCLOSE.NON-DISCLOSE",
        "satisfaction": 3
      },
      {
        "participant": "AGENT",
        "utterance": "Do you have any specific genres in mind?",
        "intent": "INQUIRE.ELICIT"
      },
      {
        "participant": "USER",
        "utterance": "Hello.",
        "intent": "DISCLOSE.NON-DISCLOSE",
        "satisfaction": 3
      },
      {
        "participant": "AGENT",
        "utterance": "I could not find the genres Hello..Please answer a few questions to help me find a good movie.What are you looking for in a movie? Some keywords would be good. For example, 'wrongful imprisonment' or 'crown jewels'.",
        "intent": "INQUIRE.ELICIT"
      },
      {
        "participant": "USER",
        "utterance": "kids",
        "intent": "DISCLOSE",
        "satisfaction": 2,
        "slot_values": [
          [
            "KEYWORD",
            "kids"
          ]
        ]
      },
      {
        "participant": "AGENT",
        "utterance": "Do you like: Angels with Dirty Faces 7.9 97 min",
        "intent": "REVEAL"
      },
      {
        "participant": "USER",
        "utterance": "Let's start over.",
        "intent": "DISCLOSE",
        "satisfaction": 2
      },
      {
        "participant": "AGENT",
        "utterance": "Actors James Cagney, Pat O'Brien, Humphrey Bogart, Ann Sheridan, George Bancroft, The Dead End Kids have played prominent roles in this movie.",
        "intent": "DISCLOSE.MORE"
      },
      {
        "participant": "USER",
        "utterance": "no please.",
        "intent": "DISCLOSE",
        "satisfaction": 2
      },
      {
        "participant": "AGENT",
        "utterance": "Would you want to know more about \"Angels with Dirty Faces\"?",
        "intent": "INQUIRE.MORE"
      },
      {
        "participant": "USER",
        "utterance": "Let's start over.",
        "intent": "DISCLOSE",
        "satisfaction": 2
      },
      {
        "participant": "AGENT",
        "utterance": "Actors James Cagney, Pat O'Brien, Humphrey Bogart, Ann Sheridan, George Bancroft, The Dead End Kids have played prominent roles in this movie.",
        "intent": "DISCLOSE.MORE"
      },
      {
        "participant": "USER",
        "utterance": "yes I like it",
        "intent": "NOTE.LIKE",
        "satisfaction": 2
      },
      {
        "participant": "AGENT",
        "utterance": "Do you like: The World of Us 7.6 95 min",
        "intent": "REVEAL"
      },
      {
        "participant": "USER",
        "utterance": "another recommendation",
        "intent": "INQUIRE",
        "satisfaction": 2
      },
      {
        "participant": "AGENT",
        "utterance": "Do you like: Dead End 7.3 93 min",
        "intent": "REVEAL"
      },
      {
        "participant": "USER",
        "utterance": "Let's start over.",
        "intent": "DISCLOSE",
        "satisfaction": 2
      },
      {
        "participant": "AGENT",
        "utterance": "Actors Sylvia Sidney, Joel McCrea, Humphrey Bogart, Wendy Barrie, Claire Trevor, Allen Jenkins have played prominent roles in this movie.",
        "intent": "DISCLOSE.MORE"
      },
      {
        "participant": "USER",
        "utterance": "Let's start over.",
        "intent": "DISCLOSE",
        "satisfaction": 2
      },
      {
        "participant": "AGENT",
        "utterance": "Actors Sylvia Sidney, Joel McCrea, Humphrey Bogart, Wendy Barrie, Claire Trevor, Allen Jenkins have played prominent roles in this movie.",
        "intent": "DISCLOSE.MORE"
      },
      {
        "participant": "USER",
        "utterance": "I would like to restart",
        "intent": "DISCLOSE",
        "satisfaction": 2
      },
      {
        "participant": "AGENT",
        "utterance": "Actors Sylvia Sidney, Joel McCrea, Humphrey Bogart, Wendy Barrie, Claire Trevor, Allen Jenkins have played prominent roles in this movie.",
        "intent": "DISCLOSE.MORE"
      },
      {
        "participant": "USER",
        "utterance": "What is it about?",
        "intent": "INQUIRE.MORE",
        "satisfaction": 2
      },
      {
        "participant": "AGENT",
        "utterance": "I believe I am stuck. I can't help you here.",
        "intent": "FAILED"
      },
      {
        "participant": "USER",
        "utterance": "How long is it?",
        "intent": "INQUIRE.MORE",
        "satisfaction": 2
      },
      {
        "participant": "AGENT",
        "utterance": "Its duration is 93 minutes.",
        "intent": "DISCLOSE.MORE"
      },
      {
        "participant": "USER",
        "utterance": "Let's start over.",
        "intent": "DISCLOSE",
        "satisfaction": 2
      },
      {
        "participant": "AGENT",
        "utterance": "Some of the famous actors in this movie are Sylvia Sidney, Joel McCrea, Humphrey Bogart, Wendy Barrie, Claire Trevor, Allen Jenkins.",
        "intent": "DISCLOSE.MORE"
      },
      {
        "participant": "USER",
        "utterance": "Let's start over.",
        "intent": "DISCLOSE",
        "satisfaction": 2
      },
      {
        "participant": "AGENT",
        "utterance": "Some of the famous actors in this movie are Sylvia Sidney, Joel McCrea, Humphrey Bogart, Wendy Barrie, Claire Trevor, Allen Jenkins.",
        "intent": "DISCLOSE.MORE"
      },
      {
        "participant": "USER",
        "utterance": "no please.",
        "intent": "DISCLOSE",
        "satisfaction": 2
      },
      {
        "participant": "AGENT",
        "utterance": "Would you want to know more about \"Dead End\"?",
        "intent": "INQUIRE.MORE"
      },
      {
        "participant": "USER",
        "utterance": "I will try it",
        "intent": "NOTE.ACCEPT",
        "satisfaction": 2
      },
      {
        "participant": "AGENT",
        "utterance": "I believe I am stuck. I can't help you here.",
        "intent": "FAILED"
      },
      {
        "participant": "USER",
        "utterance": "I will try it",
        "intent": "NOTE.ACCEPT",
        "satisfaction": 2
      },
      {
        "participant": "AGENT",
        "utterance": "I believe I am stuck. I can't help you here.",
        "intent": "FAILED"
      },
      {
        "participant": "USER",
        "utterance": "I will try it",
        "intent": "NOTE.ACCEPT",
        "satisfaction": 2
      },
      {
        "participant": "AGENT",
        "utterance": "I believe I am stuck. I can't help you here.",
        "intent": "FAILED"
      },
      {
        "participant": "USER",
        "utterance": "Sorry, I did not understand you.",
        "intent": "NOTE"
      },
      {
        "participant": "AGENT",
        "utterance": "Would you want to know more about \"Dead End\"?",
        "intent": "INQUIRE.MORE"
      },
      {
        "participant": "USER",
        "utterance": "Sorry, I did not understand you.",
        "intent": "NOTE"
      },
      {
        "participant": "AGENT",
        "utterance": "Would you want to know more about \"Dead End\"?",
        "intent": "INQUIRE.MORE"
      },
      {
        "participant": "USER",
        "utterance": "Sorry, I did not understand you.",
        "intent": "NOTE"
      },
      {
        "participant": "AGENT",
        "utterance": "Would you want to know more about \"Dead End\"?",
        "intent": "INQUIRE.MORE"
      },
      {
        "participant": "USER",
        "utterance": "I like this recommendation.",
        "intent": "NOTE.LIKE",
        "satisfaction": 2
      },
      {
        "participant": "AGENT",
        "utterance": "Please choose your next step:",
        "intent": "INQUIRE.NEXT"
      },
      {
        "participant": "USER",
        "utterance": "Let's start over.",
        "intent": "DISCLOSE",
        "satisfaction": 2
      },
      {
        "participant": "AGENT",
        "utterance": "Some of the famous actors in this movie are Sylvia Sidney, Joel McCrea, Humphrey Bogart, Wendy Barrie, Claire Trevor, Allen Jenkins.",
        "intent": "DISCLOSE.MORE"
      },
      {
        "participant": "USER",
        "utterance": "Let's start over.",
        "intent": "DISCLOSE",
        "satisfaction": 2
      },
      {
        "participant": "AGENT",
        "utterance": "Some of the famous actors in this movie are Sylvia Sidney, Joel McCrea, Humphrey Bogart, Wendy Barrie, Claire Trevor, Allen Jenkins.",
        "intent": "DISCLOSE.MORE"
      },
      {
        "participant": "USER",
        "utterance": "/restart",
        "intent": "DISCLOSE",
        "satisfaction": 2
      },
      {
        "participant": "AGENT",
        "utterance": "We are starting again.Do you have any specific genres in mind?",
        "intent": "INQUIRE.ELICIT"
      },
      {
        "participant": "USER",
        "utterance": "I like Thriller movies",
        "intent": "DISCLOSE",
        "satisfaction": 2,
        "slot_values": [
          [
            "GENRE",
            "Thriller"
          ]
        ]
      },
      {
        "participant": "AGENT",
        "utterance": "There are almost 6600 thriller films. Please answer a few more questions to help me find a good movie.Can you give me a few keywords? For example, 'contact lens' or 'love triangle'.",
        "intent": "INQUIRE.ELICIT"
      },
      {
        "participant": "USER",
        "utterance": "Sorry, I did not understand you.",
        "intent": "NOTE"
      },
      {
        "participant": "AGENT",
        "utterance": "Do you like: The Reichenbach Fall 9.7 88 min",
        "intent": "REVEAL"
      },
      {
        "participant": "USER",
        "utterance": "I like this recommendation.",
        "intent": "NOTE.LIKE",
        "satisfaction": 2
      },
      {
        "participant": "AGENT",
        "utterance": "Please choose your next step:",
        "intent": "INQUIRE.NEXT"
      },
      {
        "participant": "USER",
        "utterance": "Sorry, I did not understand you.",
        "intent": "NOTE"
      },
      {
        "participant": "AGENT",
        "utterance": "Would you want to know more about \"The Reichenbach Fall\"?",
        "intent": "INQUIRE.MORE"
      },
      {
        "participant": "USER",
        "utterance": "Sorry, I did not understand you.",
        "intent": "NOTE"
      },
      {
        "participant": "AGENT",
        "utterance": "Would you want to know more about \"The Reichenbach Fall\"?",
        "intent": "INQUIRE.MORE"
      },
      {
        "participant": "USER",
        "utterance": "Sorry, I did not understand you.",
        "intent": "NOTE"
      },
      {
        "participant": "AGENT",
        "utterance": "Would you want to know more about \"The Reichenbach Fall\"?",
        "intent": "INQUIRE.MORE"
      },
      {
        "participant": "USER",
        "utterance": "I like this recommendation.",
        "intent": "NOTE.LIKE",
        "satisfaction": 2
      },
      {
        "participant": "AGENT",
        "utterance": "Please choose your next step:",
        "intent": "INQUIRE.NEXT"
      },
      {
        "participant": "USER",
        "utterance": "Sorry, I did not understand you.",
        "intent": "NOTE"
      },
      {
        "participant": "AGENT",
        "utterance": "Would you want to know more about \"The Reichenbach Fall\"?",
        "intent": "INQUIRE.MORE"
      },
      {
        "participant": "USER",
        "utterance": "Sorry, I did not understand you.",
        "intent": "NOTE"
      },
      {
        "participant": "AGENT",
        "utterance": "Would you want to know more about \"The Reichenbach Fall\"?",
        "intent": "INQUIRE.MORE"
      },
      {
        "participant": "USER",
        "utterance": "Sorry, I did not understand you.",
        "intent": "NOTE"
      },
      {
        "participant": "AGENT",
        "utterance": "Would you want to know more about \"The Reichenbach Fall\"?",
        "intent": "INQUIRE.MORE"
      },
      {
        "participant": "USER",
        "utterance": "I will try it",
        "intent": "NOTE.ACCEPT",
        "satisfaction": 2
      },
      {
        "participant": "AGENT",
        "utterance": "I believe I am stuck. I can't help you here.",
        "intent": "FAILED"
      },
      {
        "participant": "USER",
        "utterance": "I will try it",
        "intent": "NOTE.ACCEPT",
        "satisfaction": 2
      },
      {
        "participant": "AGENT",
        "utterance": "Sorry I can't help you with that.",
        "intent": "FAILED"
      },
      {
        "participant": "USER",
        "utterance": "I will try it",
        "intent": "NOTE.ACCEPT",
        "satisfaction": 2
      },
      {
        "participant": "AGENT",
        "utterance": "Sorry I can't help you with that.",
        "intent": "FAILED"
      },
      {
        "participant": "USER",
        "utterance": "Sorry, I did not understand you.",
        "intent": "NOTE"
      },
      {
        "participant": "AGENT",
        "utterance": "Would you want to know more about \"The Reichenbach Fall\"?",
        "intent": "INQUIRE.MORE"
      },
      {
        "participant": "USER",
        "utterance": "Sorry, I did not understand you.",
        "intent": "NOTE"
      },
      {
        "participant": "AGENT",
        "utterance": "Would you want to know more about \"The Reichenbach Fall\"?",
        "intent": "INQUIRE.MORE"
      },
      {
        "participant": "USER",
        "utterance": "Sorry, I did not understand you.",
        "intent": "NOTE"
      },
      {
        "participant": "AGENT",
        "utterance": "Would you want to know more about \"The Reichenbach Fall\"?",
        "intent": "INQUIRE.MORE"
      },
      {
        "participant": "USER",
        "utterance": "I like this recommendation.",
        "intent": "NOTE.LIKE",
        "satisfaction": 2
      },
      {
        "participant": "AGENT",
        "utterance": "Please choose your next step:",
        "intent": "INQUIRE.NEXT"
      },
      {
        "participant": "USER",
        "utterance": "duration",
        "intent": "INQUIRE.MORE",
        "satisfaction": 2
      },
      {
        "participant": "AGENT",
        "utterance": "Its duration is 88 minutes.",
        "intent": "DISCLOSE.MORE"
      },
      {
        "participant": "USER",
        "utterance": "I will try it",
        "intent": "NOTE.ACCEPT",
        "satisfaction": 2
      },
      {
        "participant": "AGENT",
        "utterance": "I believe I am stuck. I can't help you here.",
        "intent": "FAILED"
      },
      {
        "participant": "USER",
        "utterance": "I will try it",
        "intent": "NOTE.ACCEPT",
        "satisfaction": 2
      },
      {
        "participant": "AGENT",
        "utterance": "I believe I am stuck. I can't help you here.",
        "intent": "FAILED"
      },
      {
        "participant": "USER",
        "utterance": "I will try it",
        "intent": "NOTE.ACCEPT",
        "satisfaction": 2
      },
      {
        "participant": "AGENT",
        "utterance": "I believe I am stuck. I can't help you here.",
        "intent": "FAILED"
      },
      {
        "participant": "USER",
        "utterance": "Sorry, I did not understand you.",
        "intent": "NOTE"
      },
      {
        "participant": "AGENT",
        "utterance": "Would you want to know more about \"The Reichenbach Fall\"?",
        "intent": "INQUIRE.MORE"
      },
      {
        "participant": "USER",
        "utterance": "Sorry, I did not understand you.",
        "intent": "NOTE"
      },
      {
        "participant": "AGENT",
        "utterance": "Would you want to know more about \"The Reichenbach Fall\"?",
        "intent": "INQUIRE.MORE"
      },
      {
        "participant": "USER",
        "utterance": "Sorry, I did not understand you.",
        "intent": "NOTE"
      },
      {
        "participant": "AGENT",
        "utterance": "Would you want to know more about \"The Reichenbach Fall\"?",
        "intent": "INQUIRE.MORE"
      },
      {
        "participant": "USER",
        "utterance": "I will try it",
        "intent": "NOTE.ACCEPT",
        "satisfaction": 2
      },
      {
        "participant": "AGENT",
        "utterance": "Sorry I can't help you with that.",
        "intent": "FAILED"
      },
      {
        "participant": "USER",
        "utterance": "I will try it",
        "intent": "NOTE.ACCEPT",
        "satisfaction": 2
      },
      {
        "participant": "AGENT",
        "utterance": "I believe I am stuck. I can't help you here.",
        "intent": "FAILED"
      },
      {
        "participant": "USER",
        "utterance": "I will try it",
        "intent": "NOTE.ACCEPT",
        "satisfaction": 2
      },
      {
        "participant": "AGENT",
        "utterance": "I believe I am stuck. I can't help you here.",
        "intent": "FAILED"
      },
      {
        "participant": "USER",
        "utterance": "I would like to quit now.",
        "intent": "COMPLETE",
        "satisfaction": 2
      },
      {
        "participant": "AGENT",
        "utterance": "I hope you had a good experience. Bye.",
        "intent": "END"
      }
    ]
  },
  {
    "conversation ID": "1655072149",
    "conversation": [
      {
        "participant": "AGENT",
        "utterance": "Hi there. I am IAI MovieBot, your movie recommending buddy. I can recommend you movies based on your preferences. I will ask you a few questions and based on your answers, I will try to find a movie for you.",
        "intent": "DISCLOSE.NON-DISCLOSE"
      },
      {
        "participant": "USER",
        "utterance": "Okay, sounds good.",
        "intent": "DISCLOSE.NON-DISCLOSE",
        "satisfaction": 3
      },
      {
        "participant": "AGENT",
        "utterance": "Do you like: Man, Woman & the Wall 6.4 84 min",
        "intent": "REVEAL"
      },
      {
        "participant": "USER",
        "utterance": "Sure, sounds fun.",
        "intent": "DISCLOSE.NON-DISCLOSE",
        "satisfaction": 3
      },
      {
        "participant": "AGENT",
        "utterance": "I have found almost 400 fun films. Please answer a few more questions to help me find a good movie.Do you have any specific genres in mind? For example, 'Drama' or 'Western'.",
        "intent": "INQUIRE.ELICIT"
      },
      {
        "participant": "USER",
        "utterance": "hello",
        "intent": "DISCLOSE.NON-DISCLOSE",
        "satisfaction": 3
      },
      {
        "participant": "AGENT",
        "utterance": "Do you like: The Salt of the Earth 8.5 110 min",
        "intent": "REVEAL"
      },
      {
        "participant": "USER",
        "utterance": "Hello.",
        "intent": "DISCLOSE.NON-DISCLOSE",
        "satisfaction": 3
      },
      {
        "participant": "AGENT",
        "utterance": "Sorry I can't help you with that.",
        "intent": "FAILED"
      },
      {
        "participant": "USER",
        "utterance": "Sure, sounds fun.",
        "intent": "DISCLOSE.NON-DISCLOSE",
        "satisfaction": 3
      },
      {
        "participant": "AGENT",
        "utterance": "Do you like: Repentance 8.4 153 min",
        "intent": "REVEAL"
      },
      {
        "participant": "USER",
        "utterance": "Tell me something about it.",
        "intent": "INQUIRE.ITEMINFO",
        "satisfaction": 2
      },
      {
        "participant": "AGENT",
        "utterance": "Sorry I can't help you with that.",
        "intent": "FAILED"
      },
      {
        "participant": "USER",
        "utterance": "Tell me something about it.",
        "intent": "INQUIRE.ITEMINFO",
        "satisfaction": 2
      },
      {
        "participant": "AGENT",
        "utterance": "Sorry I can't help you with that.",
        "intent": "FAILED"
      },
      {
        "participant": "USER",
        "utterance": "Tell me something about it.",
        "intent": "INQUIRE.ITEMINFO",
        "satisfaction": 2
      },
      {
        "participant": "AGENT",
        "utterance": "Sorry I can't help you with that.",
        "intent": "FAILED"
      },
      {
        "participant": "USER",
        "utterance": "I would like to quit now.",
        "intent": "COMPLETE",
        "satisfaction": 2
      },
      {
        "participant": "AGENT",
        "utterance": "I hope you had a good experience. Bye.",
        "intent": "END"
      }
    ]
  },
  {
    "conversation ID": "1655072152",
    "conversation": [
      {
        "participant": "AGENT",
        "utterance": "Hi there. I am IAI MovieBot, your movie recommending buddy. I can recommend you movies based on your preferences. I will ask you a few questions and based on your answers, I will try to find a movie for you.",
        "intent": "DISCLOSE.NON-DISCLOSE"
      },
      {
        "participant": "USER",
        "utterance": "Sure, sounds fun.",
        "intent": "DISCLOSE.NON-DISCLOSE",
        "satisfaction": 3
      },
      {
        "participant": "AGENT",
        "utterance": "There are almost 400 fun films. Can you guide me more to narrow down the search space?Do you have any specific genres in mind? For example, 'News' or 'Sci-Fi'.",
        "intent": "INQUIRE.ELICIT"
      },
      {
        "participant": "USER",
        "utterance": "Hi, okay.",
        "intent": "DISCLOSE.NON-DISCLOSE",
        "satisfaction": 3
      },
      {
        "participant": "AGENT",
        "utterance": "Do you like: The Salt of the Earth 8.5 110 min",
        "intent": "REVEAL"
      },
      {
        "participant": "USER",
        "utterance": "Hello.",
        "intent": "DISCLOSE.NON-DISCLOSE",
        "satisfaction": 3
      },
      {
        "participant": "AGENT",
        "utterance": "Sorry I can't help you with that.",
        "intent": "FAILED"
      },
      {
        "participant": "USER",
        "utterance": "Okay, sounds good.",
        "intent": "DISCLOSE.NON-DISCLOSE",
        "satisfaction": 3
      },
      {
        "participant": "AGENT",
        "utterance": "Do you like: Man, Woman & the Wall 6.4 84 min",
        "intent": "REVEAL"
      },
      {
        "participant": "USER",
        "utterance": "I like this recommendation.",
        "intent": "NOTE.LIKE",
        "satisfaction": 2
      },
      {
        "participant": "AGENT",
        "utterance": "Please choose your next step:",
        "intent": "INQUIRE.NEXT"
      },
      {
        "participant": "USER",
        "utterance": "Sorry, I did not understand you.",
        "intent": "NOTE"
      },
      {
        "participant": "AGENT",
        "utterance": "Would you want to know more about \"Man, Woman & the Wall\"?",
        "intent": "INQUIRE.MORE"
      },
      {
        "participant": "USER",
        "utterance": "Sorry, I did not understand you.",
        "intent": "NOTE"
      },
      {
        "participant": "AGENT",
        "utterance": "Would you want to know more about \"Man, Woman & the Wall\"?",
        "intent": "INQUIRE.MORE"
      },
      {
        "participant": "USER",
        "utterance": "Sorry, I did not understand you.",
        "intent": "NOTE"
      },
      {
        "participant": "AGENT",
        "utterance": "Would you want to know more about \"Man, Woman & the Wall\"?",
        "intent": "INQUIRE.MORE"
      },
      {
        "participant": "USER",
        "utterance": "I like this recommendation.",
        "intent": "NOTE.LIKE",
        "satisfaction": 2
      },
      {
        "participant": "AGENT",
        "utterance": "Please choose your next step:",
        "intent": "INQUIRE.NEXT"
      },
      {
        "participant": "USER",
        "utterance": "I would like to quit now.",
        "intent": "COMPLETE",
        "satisfaction": 2
      },
      {
        "participant": "AGENT",
        "utterance": "I hope you had a good experience. Bye.",
        "intent": "END"
      }
    ]
  },
  {
    "conversation ID": "1655072156",
    "conversation": [
      {
        "participant": "AGENT",
        "utterance": "Hi there. I am IAI MovieBot, your movie recommending buddy. I can recommend you movies based on your preferences. I will ask you a few questions and based on your answers, I will try to find a movie for you.",
        "intent": "DISCLOSE.NON-DISCLOSE"
      },
      {
        "participant": "USER",
        "utterance": "Okay, sounds good.",
        "intent": "DISCLOSE.NON-DISCLOSE",
        "satisfaction": 3
      },
      {
        "participant": "AGENT",
        "utterance": "Do you like: Man, Woman & the Wall 6.4 84 min",
        "intent": "REVEAL"
      },
      {
        "participant": "USER",
        "utterance": "Hi, okay.",
        "intent": "DISCLOSE.NON-DISCLOSE",
        "satisfaction": 3
      },
      {
        "participant": "AGENT",
        "utterance": "Do you have any specific genres in mind? For example, 'Music' or 'Adventure'.",
        "intent": "INQUIRE.ELICIT"
      },
      {
        "participant": "USER",
        "utterance": "Hi, okay.",
        "intent": "DISCLOSE.NON-DISCLOSE",
        "satisfaction": 3
      },
      {
        "participant": "AGENT",
        "utterance": "Do you like: Her Composition 5.3 93 min",
        "intent": "REVEAL"
      },
      {
        "participant": "USER",
        "utterance": "hello",
        "intent": "DISCLOSE.NON-DISCLOSE",
        "satisfaction": 3
      },
      {
        "participant": "AGENT",
        "utterance": "Sorry I can't help you with that.",
        "intent": "FAILED"
      },
      {
        "participant": "USER",
        "utterance": "hello",
        "intent": "DISCLOSE.NON-DISCLOSE",
        "satisfaction": 3
      },
      {
        "participant": "AGENT",
        "utterance": "I believe I am stuck. I can't help you here.",
        "intent": "FAILED"
      },
      {
        "participant": "USER",
        "utterance": "another recommendation",
        "intent": "INQUIRE",
        "satisfaction": 2
      },
      {
        "participant": "AGENT",
        "utterance": "Sorry, I couldn't find any other sounds films. Please select from the list of options to continue.",
        "intent": "REVEAL.NONE"
      },
      {
        "participant": "USER",
        "utterance": "I like this recommendation.",
        "intent": "NOTE.LIKE",
        "satisfaction": 2
      },
      {
        "participant": "AGENT",
        "utterance": "Sorry, I don't have any other sounds films. Please select from the list of options to continue.",
        "intent": "REVEAL.NONE"
      },
      {
        "participant": "USER",
        "utterance": "I like this recommendation.",
        "intent": "NOTE.LIKE",
        "satisfaction": 2
      },
      {
        "participant": "AGENT",
        "utterance": "Sorry, I don't have any other sounds films. Please select from the list of options to continue.",
        "intent": "REVEAL.NONE"
      },
      {
        "participant": "USER",
        "utterance": "I like this recommendation.",
        "intent": "NOTE.LIKE",
        "satisfaction": 2
      },
      {
        "participant": "AGENT",
        "utterance": "Sorry, I don't have any other sounds films. Please select from the list of options to continue.",
        "intent": "REVEAL.NONE"
      },
      {
        "participant": "USER",
        "utterance": "Let's start over.",
        "intent": "DISCLOSE",
        "satisfaction": 2
      },
      {
        "participant": "AGENT",
        "utterance": "Sorry, I don't have any other sounds films. Please select from the list of options to continue.",
        "intent": "REVEAL.NONE"
      },
      {
        "participant": "USER",
        "utterance": "I like this recommendation.",
        "intent": "NOTE.LIKE",
        "satisfaction": 2
      },
      {
        "participant": "AGENT",
        "utterance": "Sorry, I couldn't find any other sounds films. Please select from the list of options to continue.",
        "intent": "REVEAL.NONE"
      },
      {
        "participant": "USER",
        "utterance": "I like this recommendation.",
        "intent": "NOTE.LIKE",
        "satisfaction": 2
      },
      {
        "participant": "AGENT",
        "utterance": "Sorry, I don't have any other sounds films. Please select from the list of options to continue.",
        "intent": "REVEAL.NONE"
      },
      {
        "participant": "USER",
        "utterance": "I like this recommendation.",
        "intent": "NOTE.LIKE",
        "satisfaction": 2
      },
      {
        "participant": "AGENT",
        "utterance": "Sorry, I couldn't find any other sounds films. Please select from the list of options to continue.",
        "intent": "REVEAL.NONE"
      },
      {
        "participant": "USER",
        "utterance": "No need of a Thriller film.",
        "intent": "REVEAL.REVISE",
        "satisfaction": 2,
        "slot_values": [
          [
            "GENRE",
            "Thriller"
          ]
        ]
      },
      {
        "participant": "AGENT",
        "utterance": "Sorry, I couldn't find any other non thriller, sounds films. Please select from the list of options to continue.",
        "intent": "REVEAL.NONE"
      },
      {
        "participant": "USER",
        "utterance": "another recommendation",
        "intent": "INQUIRE",
        "satisfaction": 2
      },
      {
        "participant": "AGENT",
        "utterance": "Sorry, I couldn't find any other non thriller, sounds films. Please select from the list of options to continue.",
        "intent": "REVEAL.NONE"
      },
      {
        "participant": "USER",
        "utterance": "I like this recommendation.",
        "intent": "NOTE.LIKE",
        "satisfaction": 2
      },
      {
        "participant": "AGENT",
        "utterance": "Sorry, I couldn't find any other non thriller, sounds films. Please select from the list of options to continue.",
        "intent": "REVEAL.NONE"
      },
      {
        "participant": "USER",
        "utterance": "I like this recommendation.",
        "intent": "NOTE.LIKE",
        "satisfaction": 2
      },
      {
        "participant": "AGENT",
        "utterance": "Sorry, I don't have any other non thriller, sounds films. Please select from the list of options to continue.",
        "intent": "REVEAL.NONE"
      },
      {
        "participant": "USER",
        "utterance": "I like this recommendation.",
        "intent": "NOTE.LIKE",
        "satisfaction": 2
      },
      {
        "participant": "AGENT",
        "utterance": "Sorry, I don't have any other non thriller, sounds films. Please select from the list of options to continue.",
        "intent": "REVEAL.NONE"
      },
      {
        "participant": "USER",
        "utterance": "No movies with kids.",
        "intent": "REVEAL.REVISE",
        "satisfaction": 2,
        "slot_values": [
          [
            "KEYWORD",
            "kids"
          ]
        ]
      },
      {
        "participant": "AGENT",
        "utterance": "Do you like: The Shawshank Redemption 9.3 142 min",
        "intent": "REVEAL"
      },
      {
        "participant": "USER",
        "utterance": "I like this recommendation.",
        "intent": "NOTE.LIKE",
        "satisfaction": 2
      },
      {
        "participant": "AGENT",
        "utterance": "Please choose your next step:",
        "intent": "INQUIRE.NEXT"
      },
      {
        "participant": "USER",
        "utterance": "I would like to quit now.",
        "intent": "COMPLETE",
        "satisfaction": 2
      },
      {
        "participant": "AGENT",
        "utterance": "I hope you had a good experience. Bye.",
        "intent": "END"
      }
    ]
  },
  {
    "conversation ID": "1655072157",
    "conversation": [
      {
        "participant": "AGENT",
        "utterance": "Hi there. I am IAI MovieBot, your movie recommending buddy. I can recommend you movies based on your preferences. I will ask you a few questions and based on your answers, I will try to find a movie for you.",
        "intent": "DISCLOSE.NON-DISCLOSE"
      },
      {
        "participant": "USER",
        "utterance": "Hi, okay.",
        "intent": "DISCLOSE.NON-DISCLOSE",
        "satisfaction": 3
      },
      {
        "participant": "AGENT",
        "utterance": "Do you have any specific genres in mind?",
        "intent": "INQUIRE.ELICIT"
      },
      {
        "participant": "USER",
        "utterance": "Hi, okay.",
        "intent": "DISCLOSE.NON-DISCLOSE",
        "satisfaction": 3
      },
      {
        "participant": "AGENT",
        "utterance": "I could not find the genres Hi, okay..Can you guide me to narrow down the search space?What are you looking for in a movie? Some keywords would be good. For example, 'wrongful imprisonment' or 'tv special'.",
        "intent": "INQUIRE.ELICIT"
      },
      {
        "participant": "USER",
        "utterance": "kids",
        "intent": "DISCLOSE",
        "satisfaction": 2,
        "slot_values": [
          [
            "KEYWORD",
            "kids"
          ]
        ]
      },
      {
        "participant": "AGENT",
        "utterance": "Do you like: Angels with Dirty Faces 7.9 97 min",
        "intent": "REVEAL"
      },
      {
        "participant": "USER",
        "utterance": "I like this recommendation.",
        "intent": "NOTE.LIKE",
        "satisfaction": 2
      },
      {
        "participant": "AGENT",
        "utterance": "Please choose your next step:",
        "intent": "INQUIRE.NEXT"
      },
      {
        "participant": "USER",
        "utterance": "I would like to quit now.",
        "intent": "COMPLETE",
        "satisfaction": 2
      },
      {
        "participant": "AGENT",
        "utterance": "I hope you had a good experience. Bye.",
        "intent": "END"
      }
    ]
  }
]