[
  {
    "conversation ID": "1655156326",
    "conversation": [
      {
        "participant": "AGENT",
        "utterance": "Hi there. I am IAI MovieBot, your movie recommending buddy. I can recommend you movies based on your preferences. I will ask you a few questions and based on your answers, I will try to find a movie for you.",
        "intent": "DISCLOSE.NON-DISCLOSE"
      },
      {
        "participant": "USER",
        "utterance": "Okay, sounds good.",
        "intent": "DISCLOSE.NON-DISCLOSE",
        "satisfaction": 3
      },
      {
        "participant": "AGENT",
        "utterance": "Do you like: Man, Woman & the Wall 6.4 84 min",
        "intent": "REVEAL"
      },
      {
        "participant": "USER",
        "utterance": "Hi, okay.",
        "intent": "DISCLOSE.NON-DISCLOSE",
        "satisfaction": 3
      },
      {
        "participant": "AGENT",
        "utterance": "Do you have any specific genres in mind? For example, 'Fantasy' or 'Romance'.",
        "intent": "INQUIRE.ELICIT"
      },
      {
        "participant": "USER",
        "utterance": "How about Drama?",
        "intent": "DISCLOSE",
        "satisfaction": 2,
        "slot_values": [
          [
            "GENRE",
            "Drama"
          ]
        ]
      },
      {
        "participant": "AGENT",
        "utterance": "Do you like: Her Composition 5.3 93 min",
        "intent": "REVEAL"
      },
      {
        "participant": "USER",
        "utterance": "I want to restart for a new movie.",
        "intent": "DISCLOSE",
        "satisfaction": 2
      },
      {
        "participant": "AGENT",
        "utterance": "Actors Lulu Wilson, Heather Matarazzo, Margot Bingham, Christian Campbell, Kevin Breznahan, John Rothman have played prominent roles in this movie.",
        "intent": "DISCLOSE.MORE"
      },
      {
        "participant": "USER",
        "utterance": "a new movie",
        "intent": "DISCLOSE",
        "satisfaction": 2
      },
      {
        "participant": "AGENT",
        "utterance": "Sorry, I don't have any other drama, sounds films from the year  > 2010. Please select from the list of options to continue.",
        "intent": "REVEAL.NONE"
      },
      {
        "participant": "USER",
        "utterance": "Tell me more about it",
        "intent": "INQUIRE.ITEMINFO",
        "satisfaction": 2
      },
      {
        "participant": "AGENT",
        "utterance": "Sorry, I don't have any other drama, sounds films from the year  > 2010. Please select from the list of options to continue.",
        "intent": "REVEAL.NONE"
      },
      {
        "participant": "USER",
        "utterance": "Tell me something about it.",
        "intent": "INQUIRE.ITEMINFO",
        "satisfaction": 2
      },
      {
        "participant": "AGENT",
        "utterance": "Sorry, I don't have any other drama, sounds films from the year  > 2010. Please select from the list of options to continue.",
        "intent": "REVEAL.NONE"
      },
      {
        "participant": "USER",
        "utterance": "No need of a Drama film.",
        "intent": "REVEAL.REVISE",
        "satisfaction": 2,
        "slot_values": [
          [
            "GENRE",
            "Drama"
          ]
        ]
      },
      {
        "participant": "AGENT",
        "utterance": "Sorry, I don't have any other sounds films from the year  > 2010. Please select from the list of options to continue.",
        "intent": "REVEAL.NONE"
      },
      {
        "participant": "USER",
        "utterance": "director name",
        "intent": "INQUIRE.MORE",
        "satisfaction": 2
      },
      {
        "participant": "AGENT",
        "utterance": "Sorry, I don't have any other sounds films from the year  > 2010. Please select from the list of options to continue.",
        "intent": "REVEAL.NONE"
      },
      {
        "participant": "USER",
        "utterance": "director name",
        "intent": "INQUIRE.MORE",
        "satisfaction": 2
      },
      {
        "participant": "AGENT",
        "utterance": "Sorry, I couldn't find any other sounds films from the year  > 2010. Please select from the list of options to continue.",
        "intent": "REVEAL.NONE"
      },
      {
        "participant": "USER",
        "utterance": "I want to restart for a new movie.",
        "intent": "DISCLOSE",
        "satisfaction": 2
      },
      {
        "participant": "AGENT",
        "utterance": "Sorry, I couldn't find any other sounds films from the year  > 2010. Please select from the list of options to continue.",
        "intent": "REVEAL.NONE"
      },
      {
        "participant": "USER",
        "utterance": "thank you",
        "intent": "NOTE.ACCEPT",
        "satisfaction": 2
      },
      {
        "participant": "AGENT",
        "utterance": "Sorry, I couldn't find any sounds films named similar to thank you from the year  > 2010. Please select from the list of options to continue.",
        "intent": "REVEAL.NONE"
      },
      {
        "participant": "USER",
        "utterance": "thank you",
        "intent": "NOTE.ACCEPT",
        "satisfaction": 2
      },
      {
        "participant": "AGENT",
        "utterance": "Sorry, I don't have any sounds films named similar to thank you from the year  > 2010. Please select from the list of options to continue.",
        "intent": "REVEAL.NONE"
      },
      {
        "participant": "USER",
        "utterance": "No need of a Drama film.",
        "intent": "REVEAL.REVISE",
        "satisfaction": 2,
        "slot_values": [
          [
            "GENRE",
            "Drama"
          ]
        ]
      },
      {
        "participant": "AGENT",
        "utterance": "Sorry, I don't have any non drama, sounds films named similar to thank you from the year  > 2010. Please select from the list of options to continue.",
        "intent": "REVEAL.NONE"
      },
      {
        "participant": "USER",
        "utterance": "Bye!",
        "intent": "COMPLETE",
        "satisfaction": 2
      },
      {
        "participant": "AGENT",
        "utterance": "I hope you had a good experience. Bye.",
        "intent": "END"
      }
    ]
  },
  {
    "conversation ID": "1655156332",
    "conversation": [
      {
        "participant": "AGENT",
        "utterance": "Hi there. I am IAI MovieBot, your movie recommending buddy. I can recommend you movies based on your preferences. I will ask you a few questions and based on your answers, I will try to find a movie for you.",
        "intent": "DISCLOSE.NON-DISCLOSE"
      },
      {
        "participant": "USER",
        "utterance": "Hello.",
        "intent": "DISCLOSE.NON-DISCLOSE",
        "satisfaction": 3
      },
      {
        "participant": "AGENT",
        "utterance": "Which genres do you prefer?",
        "intent": "INQUIRE.ELICIT"
      },
      {
        "participant": "USER",
        "utterance": "Drama",
        "intent": "DISCLOSE",
        "satisfaction": 1,
        "slot_values": [
          [
            "GENRE",
            "Drama"
          ]
        ]
      },
      {
        "participant": "AGENT",
        "utterance": "I have found almost 20200 drama films. Please answer a few more questions to help me find a good movie.What are you looking for in a movie? Some keywords would be good. For example, 'crown jewels' or 'crime family'.",
        "intent": "INQUIRE.ELICIT"
      },
      {
        "participant": "USER",
        "utterance": "oscar (best directing)",
        "intent": "DISCLOSE",
        "satisfaction": 2,
        "slot_values": [
          [
            "KEYWORD",
            "oscar (best directing)"
          ]
        ]
      },
      {
        "participant": "AGENT",
        "utterance": "Sorry, I don't have any drama, (best films. Please select from the list of options to continue.",
        "intent": "REVEAL.NONE"
      },
      {
        "participant": "USER",
        "utterance": "Tell me something about it.",
        "intent": "INQUIRE.ITEMINFO",
        "satisfaction": 2
      },
      {
        "participant": "AGENT",
        "utterance": "Sorry, I couldn't find any drama, (best films. Please select from the list of options to continue.",
        "intent": "REVEAL.NONE"
      },
      {
        "participant": "USER",
        "utterance": "Tell me something about it.",
        "intent": "INQUIRE.ITEMINFO",
        "satisfaction": 2
      },
      {
        "participant": "AGENT",
        "utterance": "Sorry, I couldn't find any drama, (best films. Please select from the list of options to continue.",
        "intent": "REVEAL.NONE"
      },
      {
        "participant": "USER",
        "utterance": "Bye!",
        "intent": "COMPLETE",
        "satisfaction": 2
      },
      {
        "participant": "AGENT",
        "utterance": "I hope you had a good experience. Bye.",
        "intent": "END"
      }
    ]
  },
  {
    "conversation ID": "1655156341",
    "conversation": [
      {
        "participant": "AGENT",
        "utterance": "Hi there. I am IAI MovieBot, your movie recommending buddy. I can recommend you movies based on your preferences. I will ask you a few questions and based on your answers, I will try to find a movie for you.",
        "intent": "DISCLOSE.NON-DISCLOSE"
      },
      {
        "participant": "USER",
        "utterance": "Okay, sounds good.",
        "intent": "DISCLOSE.NON-DISCLOSE",
        "satisfaction": 3
      },
      {
        "participant": "AGENT",
        "utterance": "Do you like: Man, Woman & the Wall 6.4 84 min",
        "intent": "REVEAL"
      },
      {
        "participant": "USER",
        "utterance": "Okay, sounds good.",
        "intent": "DISCLOSE.NON-DISCLOSE",
        "satisfaction": 3
      },
      {
        "participant": "AGENT",
        "utterance": "Do you like: Her Composition 5.3 93 min",
        "intent": "REVEAL"
      },
      {
        "participant": "USER",
        "utterance": "thank you",
        "intent": "NOTE.ACCEPT",
        "satisfaction": 2
      },
      {
        "participant": "AGENT",
        "utterance": "Sorry, I couldn't find any sounds films named similar to thank you. Please select from the list of options to continue.",
        "intent": "REVEAL.NONE"
      },
      {
        "participant": "USER",
        "utterance": "thank you",
        "intent": "NOTE.ACCEPT",
        "satisfaction": 2
      },
      {
        "participant": "AGENT",
        "utterance": "Sorry, I couldn't find any sounds films named similar to thank you. Please select from the list of options to continue.",
        "intent": "REVEAL.NONE"
      },
      {
        "participant": "USER",
        "utterance": "I like this",
        "intent": "NOTE.LIKE",
        "satisfaction": 2
      },
      {
        "participant": "AGENT",
        "utterance": "Sorry, I couldn't find any sounds films named similar to thank you. Please select from the list of options to continue.",
        "intent": "REVEAL.NONE"
      },
      {
        "participant": "USER",
        "utterance": "I like this",
        "intent": "NOTE.LIKE",
        "satisfaction": 2
      },
      {
        "participant": "AGENT",
        "utterance": "Sorry, I don't have any sounds films named similar to thank you. Please select from the list of options to continue.",
        "intent": "REVEAL.NONE"
      },
      {
        "participant": "USER",
        "utterance": "No need of a Drama film.",
        "intent": "REVEAL.REVISE",
        "satisfaction": 2,
        "slot_values": [
          [
            "GENRE",
            "Drama"
          ]
        ]
      },
      {
        "participant": "AGENT",
        "utterance": "Sorry, I don't have any non drama, sounds films named similar to thank you. Please select from the list of options to continue.",
        "intent": "REVEAL.NONE"
      },
      {
        "participant": "USER",
        "utterance": "I want to restart for a new movie.",
        "intent": "DISCLOSE",
        "satisfaction": 2
      },
      {
        "participant": "AGENT",
        "utterance": "Sorry, I couldn't find any non drama, sounds films named similar to thank you. Please select from the list of options to continue.",
        "intent": "REVEAL.NONE"
      },
      {
        "participant": "USER",
        "utterance": "I want to restart for a new movie.",
        "intent": "DISCLOSE",
        "satisfaction": 2
      },
      {
        "participant": "AGENT",
        "utterance": "Sorry, I couldn't find any non drama, sounds films named similar to thank you. Please select from the list of options to continue.",
        "intent": "REVEAL.NONE"
      },
      {
        "participant": "USER",
        "utterance": "Tell me something about it.",
        "intent": "INQUIRE.ITEMINFO",
        "satisfaction": 2
      },
      {
        "participant": "AGENT",
        "utterance": "Sorry, I don't have any non drama, sounds films named similar to thank you. Please select from the list of options to continue.",
        "intent": "REVEAL.NONE"
      },
      {
        "participant": "USER",
        "utterance": "Tell me something about it.",
        "intent": "INQUIRE.ITEMINFO",
        "satisfaction": 2
      },
      {
        "participant": "AGENT",
        "utterance": "Sorry, I couldn't find any non drama, sounds films named similar to thank you. Please select from the list of options to continue.",
        "intent": "REVEAL.NONE"
      },
      {
        "participant": "USER",
        "utterance": "No movies with oscar (best directing).",
        "intent": "REVEAL.REVISE",
        "satisfaction": 2,
        "slot_values": [
          [
            "KEYWORD",
            "oscar (best directing)"
          ]
        ]
      },
      {
        "participant": "AGENT",
        "utterance": "Sorry, I couldn't find any non drama, (best films named similar to thank you not starring oscar. Please select from the list of options to continue.",
        "intent": "REVEAL.NONE"
      },
      {
        "participant": "USER",
        "utterance": "What is the plot?",
        "intent": "INQUIRE.MORE",
        "satisfaction": 3
      },
      {
        "participant": "AGENT",
        "utterance": "Sorry, I don't have any non drama, (best films named similar to thank you not starring oscar. Please select from the list of options to continue.",
        "intent": "REVEAL.NONE"
      },
      {
        "participant": "USER",
        "utterance": "What is the plot?",
        "intent": "INQUIRE.MORE",
        "satisfaction": 3
      },
      {
        "participant": "AGENT",
        "utterance": "Sorry, I don't have any non drama, (best films named similar to thank you not starring oscar. Please select from the list of options to continue.",
        "intent": "REVEAL.NONE"
      },
      {
        "participant": "USER",
        "utterance": "No movies with oscar (best directing).",
        "intent": "REVEAL.REVISE",
        "satisfaction": 2,
        "slot_values": [
          [
            "KEYWORD",
            "oscar (best directing)"
          ]
        ]
      },
      {
        "participant": "AGENT",
        "utterance": "Sorry, I couldn't find any non drama, (best films named similar to thank you not starring oscar. Please select from the list of options to continue.",
        "intent": "REVEAL.NONE"
      },
      {
        "participant": "USER",
        "utterance": "okay sounds good! I will give it a try.",
        "intent": "NOTE.ACCEPT",
        "satisfaction": 3
      },
      {
        "participant": "AGENT",
        "utterance": "Sorry, I don't have any non drama, sounds films named similar to thank you not starring oscar. Please select from the list of options to continue.",
        "intent": "REVEAL.NONE"
      },
      {
        "participant": "USER",
        "utterance": "okay sounds good! I will give it a try.",
        "intent": "NOTE.ACCEPT",
        "satisfaction": 3
      },
      {
        "participant": "AGENT",
        "utterance": "Sorry, I couldn't find any non drama, sounds films named similar to thank you not starring oscar. Please select from the list of options to continue.",
        "intent": "REVEAL.NONE"
      },
      {
        "participant": "USER",
        "utterance": "bye",
        "intent": "COMPLETE",
        "satisfaction": 2
      },
      {
        "participant": "AGENT",
        "utterance": "I hope you had a good experience. Bye.",
        "intent": "END"
      }
    ]
  },
  {
    "conversation ID": "1655156342",
    "conversation": [
      {
        "participant": "AGENT",
        "utterance": "Hi there. I am IAI MovieBot, your movie recommending buddy. I can recommend you movies based on your preferences. I will ask you a few questions and based on your answers, I will try to find a movie for you.",
        "intent": "DISCLOSE.NON-DISCLOSE"
      },
      {
        "participant": "USER",
        "utterance": "hello",
        "intent": "DISCLOSE.NON-DISCLOSE",
        "satisfaction": 3
      },
      {
        "participant": "AGENT",
        "utterance": "Do you have any specific genres in mind?",
        "intent": "INQUIRE.ELICIT"
      },
      {
        "participant": "USER",
        "utterance": "How about Drama?",
        "intent": "DISCLOSE",
        "satisfaction": 2,
        "slot_values": [
          [
            "GENRE",
            "Drama"
          ]
        ]
      },
      {
        "participant": "AGENT",
        "utterance": "There are almost 20200 drama films. Please answer a few more questions to help me find a good movie.Can you give me a few keywords? For example, 'organized crime' or 'crown jewels'.",
        "intent": "INQUIRE.ELICIT"
      },
      {
        "participant": "USER",
        "utterance": "oscar (best directing)",
        "intent": "DISCLOSE",
        "satisfaction": 2,
        "slot_values": [
          [
            "KEYWORD",
            "oscar (best directing)"
          ]
        ]
      },
      {
        "participant": "AGENT",
        "utterance": "Sorry, I don't have any drama, (best films. Please select from the list of options to continue.",
        "intent": "REVEAL.NONE"
      },
      {
        "participant": "USER",
        "utterance": "Tell me something about it.",
        "intent": "INQUIRE.ITEMINFO",
        "satisfaction": 2
      },
      {
        "participant": "AGENT",
        "utterance": "Sorry, I couldn't find any drama, (best films. Please select from the list of options to continue.",
        "intent": "REVEAL.NONE"
      },
      {
        "participant": "USER",
        "utterance": "Tell me something about it.",
        "intent": "INQUIRE.ITEMINFO",
        "satisfaction": 2
      },
      {
        "participant": "AGENT",
        "utterance": "Sorry, I couldn't find any drama, (best films. Please select from the list of options to continue.",
        "intent": "REVEAL.NONE"
      },
      {
        "participant": "USER",
        "utterance": "Bye!",
        "intent": "COMPLETE",
        "satisfaction": 2
      },
      {
        "participant": "AGENT",
        "utterance": "Hope to see you soon. Bye.",
        "intent": "END"
      }
    ]
  },
  {
    "conversation ID": "1655156344",
    "conversation": [
      {
        "participant": "AGENT",
        "utterance": "Hi there. I am IAI MovieBot, your movie recommending buddy. I can recommend you movies based on your preferences. I will ask you a few questions and based on your answers, I will try to find a movie for you.",
        "intent": "DISCLOSE.NON-DISCLOSE"
      },
      {
        "participant": "USER",
        "utterance": "hello",
        "intent": "DISCLOSE.NON-DISCLOSE",
        "satisfaction": 3
      },
      {
        "participant": "AGENT",
        "utterance": "Which genres do you prefer?",
        "intent": "INQUIRE.ELICIT"
      },
      {
        "participant": "USER",
        "utterance": "Drama",
        "intent": "DISCLOSE",
        "satisfaction": 1,
        "slot_values": [
          [
            "GENRE",
            "Drama"
          ]
        ]
      },
      {
        "participant": "AGENT",
        "utterance": "I have found almost 20200 drama films. Can you guide me more to narrow down the search space?Can you give me a few keywords? For example, 'organized crime' or 'crown jewels'.",
        "intent": "INQUIRE.ELICIT"
      },
      {
        "participant": "USER",
        "utterance": "oscar (best directing)",
        "intent": "DISCLOSE",
        "satisfaction": 2,
        "slot_values": [
          [
            "KEYWORD",
            "oscar (best directing)"
          ]
        ]
      },
      {
        "participant": "AGENT",
        "utterance": "Sorry, I don't have any drama, (best films. Please select from the list of options to continue.",
        "intent": "REVEAL.NONE"
      },
      {
        "participant": "USER",
        "utterance": "Tell me something about it.",
        "intent": "INQUIRE.ITEMINFO",
        "satisfaction": 2
      },
      {
        "participant": "AGENT",
        "utterance": "Sorry, I couldn't find any drama, (best films. Please select from the list of options to continue.",
        "intent": "REVEAL.NONE"
      },
      {
        "participant": "USER",
        "utterance": "Tell me something about it.",
        "intent": "INQUIRE.ITEMINFO",
        "satisfaction": 2
      },
      {
        "participant": "AGENT",
        "utterance": "Sorry, I couldn't find any drama, (best films. Please select from the list of options to continue.",
        "intent": "REVEAL.NONE"
      },
      {
        "participant": "USER",
        "utterance": "Bye!",
        "intent": "COMPLETE",
        "satisfaction": 2
      },
      {
        "participant": "AGENT",
        "utterance": "Hope to see you soon. Bye.",
        "intent": "END"
      }
    ]
  },
  {
    "conversation ID": "1655156351",
    "conversation": [
      {
        "participant": "AGENT",
        "utterance": "Hi there. I am IAI MovieBot, your movie recommending buddy. I can recommend you movies based on your preferences. I will ask you a few questions and based on your answers, I will try to find a movie for you.",
        "intent": "DISCLOSE.NON-DISCLOSE"
      },
      {
        "participant": "USER",
        "utterance": "Sure, sounds fun.",
        "intent": "DISCLOSE.NON-DISCLOSE",
        "satisfaction": 3
      },
      {
        "participant": "AGENT",
        "utterance": "I have found almost 400 fun films. Please answer a few more questions to help me find a good movie.Which genres do you prefer? For example, 'Adventure' or 'News'.",
        "intent": "INQUIRE.ELICIT"
      },
      {
        "participant": "USER",
        "utterance": "How about Drama?",
        "intent": "DISCLOSE",
        "satisfaction": 2,
        "slot_values": [
          [
            "GENRE",
            "Drama"
          ]
        ]
      },
      {
        "participant": "AGENT",
        "utterance": "Do you like: Repentance 8.4 153 min",
        "intent": "REVEAL"
      },
      {
        "participant": "USER",
        "utterance": "I want to restart for a new movie.",
        "intent": "DISCLOSE",
        "satisfaction": 2
      },
      {
        "participant": "AGENT",
        "utterance": "Actors Avtandil Makharadze, Ia Ninidze, Zeinab Botsvadze, Ketevan Abuladze, David Giorgobiani, Kakhi Kavsadze have played prominent roles in this movie.",
        "intent": "DISCLOSE.MORE"
      },
      {
        "participant": "USER",
        "utterance": "a new movie",
        "intent": "DISCLOSE",
        "satisfaction": 2
      },
      {
        "participant": "AGENT",
        "utterance": "Do you like: Captain Fantastic 7.9 118 min",
        "intent": "REVEAL"
      },
      {
        "participant": "USER",
        "utterance": "Tell me more about it.",
        "intent": "INQUIRE.ITEMINFO",
        "satisfaction": 1
      },
      {
        "participant": "AGENT",
        "utterance": "What would you like to know about \"Captain Fantastic\"?",
        "intent": "INQUIRE.MORE"
      },
      {
        "participant": "USER",
        "utterance": "director name",
        "intent": "INQUIRE.MORE",
        "satisfaction": 2
      },
      {
        "participant": "AGENT",
        "utterance": "The director of this movie is Matt Ross.",
        "intent": "DISCLOSE.MORE"
      },
      {
        "participant": "USER",
        "utterance": "thank you",
        "intent": "NOTE.ACCEPT",
        "satisfaction": 2
      },
      {
        "participant": "AGENT",
        "utterance": "Sorry, I couldn't find any drama, fun films named similar to thank you from the year  > 2010. Please select from the list of options to continue.",
        "intent": "REVEAL.NONE"
      },
      {
        "participant": "USER",
        "utterance": "okay sounds good! I will give it a try.",
        "intent": "NOTE.ACCEPT",
        "satisfaction": 3
      },
      {
        "participant": "AGENT",
        "utterance": "Sorry, I couldn't find any drama, sounds films named similar to thank you from the year  > 2010. Please select from the list of options to continue.",
        "intent": "REVEAL.NONE"
      },
      {
        "participant": "USER",
        "utterance": "I like this",
        "intent": "NOTE.LIKE",
        "satisfaction": 2
      },
      {
        "participant": "AGENT",
        "utterance": "Sorry, I couldn't find any drama, sounds films named similar to thank you from the year  > 2010. Please select from the list of options to continue.",
        "intent": "REVEAL.NONE"
      },
      {
        "participant": "USER",
        "utterance": "I like this",
        "intent": "NOTE.LIKE",
        "satisfaction": 2
      },
      {
        "participant": "AGENT",
        "utterance": "Sorry, I couldn't find any drama, sounds films named similar to thank you from the year  > 2010. Please select from the list of options to continue.",
        "intent": "REVEAL.NONE"
      },
      {
        "participant": "USER",
        "utterance": "No need of a Drama film.",
        "intent": "REVEAL.REVISE",
        "satisfaction": 2,
        "slot_values": [
          [
            "GENRE",
            "Drama"
          ]
        ]
      },
      {
        "participant": "AGENT",
        "utterance": "Sorry, I don't have any sounds films named similar to thank you from the year  > 2010. Please select from the list of options to continue.",
        "intent": "REVEAL.NONE"
      },
      {
        "participant": "USER",
        "utterance": "Bye!",
        "intent": "COMPLETE",
        "satisfaction": 2
      },
      {
        "participant": "AGENT",
        "utterance": "I hope you had a good experience. Bye.",
        "intent": "END"
      }
    ]
  },
  {
    "conversation ID": "1655156359",
    "conversation": [
      {
        "participant": "AGENT",
        "utterance": "Hi there. I am IAI MovieBot, your movie recommending buddy. I can recommend you movies based on your preferences. I will ask you a few questions and based on your answers, I will try to find a movie for you.",
        "intent": "DISCLOSE.NON-DISCLOSE"
      },
      {
        "participant": "USER",
        "utterance": "Hello.",
        "intent": "DISCLOSE.NON-DISCLOSE",
        "satisfaction": 3
      },
      {
        "participant": "AGENT",
        "utterance": "Which genres do you prefer?",
        "intent": "INQUIRE.ELICIT"
      },
      {
        "participant": "USER",
        "utterance": "Drama",
        "intent": "DISCLOSE",
        "satisfaction": 1,
        "slot_values": [
          [
            "GENRE",
            "Drama"
          ]
        ]
      },
      {
        "participant": "AGENT",
        "utterance": "I have found almost 20200 drama films. Please answer a few more questions to help me find a good movie.What are you looking for in a movie? Some keywords would be good. For example, 'organized crime' or 'crown jewels'.",
        "intent": "INQUIRE.ELICIT"
      },
      {
        "participant": "USER",
        "utterance": "oscar (best directing)",
        "intent": "DISCLOSE",
        "satisfaction": 2,
        "slot_values": [
          [
            "KEYWORD",
            "oscar (best directing)"
          ]
        ]
      },
      {
        "participant": "AGENT",
        "utterance": "Sorry, I couldn't find any drama, (best films. Please select from the list of options to continue.",
        "intent": "REVEAL.NONE"
      },
      {
        "participant": "USER",
        "utterance": "Tell me something about it.",
        "intent": "INQUIRE.ITEMINFO",
        "satisfaction": 2
      },
      {
        "participant": "AGENT",
        "utterance": "Sorry, I couldn't find any drama, (best films. Please select from the list of options to continue.",
        "intent": "REVEAL.NONE"
      },
      {
        "participant": "USER",
        "utterance": "Tell me something about it.",
        "intent": "INQUIRE.ITEMINFO",
        "satisfaction": 2
      },
      {
        "participant": "AGENT",
        "utterance": "Sorry, I couldn't find any drama, (best films. Please select from the list of options to continue.",
        "intent": "REVEAL.NONE"
      },
      {
        "participant": "USER",
        "utterance": "I like this",
        "intent": "NOTE.LIKE",
        "satisfaction": 2
      },
      {
        "participant": "AGENT",
        "utterance": "Sorry, I don't have any drama, (best films. Please select from the list of options to continue.",
        "intent": "REVEAL.NONE"
      },
      {
        "participant": "USER",
        "utterance": "I like this",
        "intent": "NOTE.LIKE",
        "satisfaction": 2
      },
      {
        "participant": "AGENT",
        "utterance": "Sorry, I couldn't find any drama, (best films. Please select from the list of options to continue.",
        "intent": "REVEAL.NONE"
      },
      {
        "participant": "USER",
        "utterance": "Bye!",
        "intent": "COMPLETE",
        "satisfaction": 2
      },
      {
        "participant": "AGENT",
        "utterance": "I hope you had a good experience. Bye.",
        "intent": "END"
      }
    ]
  },
  {
    "conversation ID": "1655156360",
    "conversation": [
      {
        "participant": "AGENT",
        "utterance": "Hi there. I am IAI MovieBot, your movie recommending buddy. I can recommend you movies based on your preferences. I will ask you a few questions and based on your answers, I will try to find a movie for you.",
        "intent": "DISCLOSE.NON-DISCLOSE"
      },
      {
        "participant": "USER",
        "utterance": "Hello.",
        "intent": "DISCLOSE.NON-DISCLOSE",
        "satisfaction": 3
      },
      {
        "participant": "AGENT",
        "utterance": "Do you have any specific genres in mind?",
        "intent": "INQUIRE.ELICIT"
      },
      {
        "participant": "USER",
        "utterance": "How about Drama?",
        "intent": "DISCLOSE",
        "satisfaction": 2,
        "slot_values": [
          [
            "GENRE",
            "Drama"
          ]
        ]
      },
      {
        "participant": "AGENT",
        "utterance": "I have found almost 20200 drama films. Please answer a few more questions to help me find a good movie.Can you give me a few keywords? For example, 'crime family' or 'wrongful imprisonment'.",
        "intent": "INQUIRE.ELICIT"
      },
      {
        "participant": "USER",
        "utterance": "oscar (best directing)",
        "intent": "DISCLOSE",
        "satisfaction": 2,
        "slot_values": [
          [
            "KEYWORD",
            "oscar (best directing)"
          ]
        ]
      },
      {
        "participant": "AGENT",
        "utterance": "Sorry, I couldn't find any drama, (best films. Please select from the list of options to continue.",
        "intent": "REVEAL.NONE"
      },
      {
        "participant": "USER",
        "utterance": "Tell me something about it.",
        "intent": "INQUIRE.ITEMINFO",
        "satisfaction": 2
      },
      {
        "participant": "AGENT",
        "utterance": "Sorry, I don't have any drama, (best films. Please select from the list of options to continue.",
        "intent": "REVEAL.NONE"
      },
      {
        "participant": "USER",
        "utterance": "Tell me something about it.",
        "intent": "INQUIRE.ITEMINFO",
        "satisfaction": 2
      },
      {
        "participant": "AGENT",
        "utterance": "Sorry, I don't have any drama, (best films. Please select from the list of options to continue.",
        "intent": "REVEAL.NONE"
      },
      {
        "participant": "USER",
        "utterance": "Bye!",
        "intent": "COMPLETE",
        "satisfaction": 2
      },
      {
        "participant": "AGENT",
        "utterance": "I hope you had a good experience. Bye.",
        "intent": "END"
      }
    ]
  },
  {
    "conversation ID": "1655156362",
    "conversation": [
      {
        "participant": "AGENT",
        "utterance": "Hi there. I am IAI MovieBot, your movie recommending buddy. I can recommend you movies based on your preferences. I will ask you a few questions and based on your answers, I will try to find a movie for you.",
        "intent": "DISCLOSE.NON-DISCLOSE"
      },
      {
        "participant": "USER",
        "utterance": "Sure, sounds fun.",
        "intent": "DISCLOSE.NON-DISCLOSE",
        "satisfaction": 3
      },
      {
        "participant": "AGENT",
        "utterance": "I have found almost 400 fun films. Can you guide me more to narrow down the search space?Which genres do you prefer? For example, 'Thriller' or 'Adventure'.",
        "intent": "INQUIRE.ELICIT"
      },
      {
        "participant": "USER",
        "utterance": "Drama",
        "intent": "DISCLOSE",
        "satisfaction": 1,
        "slot_values": [
          [
            "GENRE",
            "Drama"
          ]
        ]
      },
      {
        "participant": "AGENT",
        "utterance": "Do you like: Repentance 8.4 153 min",
        "intent": "REVEAL"
      },
      {
        "participant": "USER",
        "utterance": "I want to restart for a new movie.",
        "intent": "DISCLOSE",
        "satisfaction": 2
      },
      {
        "participant": "AGENT",
        "utterance": "Actors Avtandil Makharadze, Ia Ninidze, Zeinab Botsvadze, Ketevan Abuladze, David Giorgobiani, Kakhi Kavsadze have played prominent roles in this movie.",
        "intent": "DISCLOSE.MORE"
      },
      {
        "participant": "USER",
        "utterance": "a new movie",
        "intent": "DISCLOSE",
        "satisfaction": 2
      },
      {
        "participant": "AGENT",
        "utterance": "Do you like: Captain Fantastic 7.9 118 min",
        "intent": "REVEAL"
      },
      {
        "participant": "USER",
        "utterance": "Tell me more about it.",
        "intent": "INQUIRE.ITEMINFO",
        "satisfaction": 1
      },
      {
        "participant": "AGENT",
        "utterance": "What would you like to know about \"Captain Fantastic\"?",
        "intent": "INQUIRE.MORE"
      },
      {
        "participant": "USER",
        "utterance": "director name",
        "intent": "INQUIRE.MORE",
        "satisfaction": 2
      },
      {
        "participant": "AGENT",
        "utterance": "The director of this movie is Matt Ross.",
        "intent": "DISCLOSE.MORE"
      },
      {
        "participant": "USER",
        "utterance": "thank you",
        "intent": "NOTE.ACCEPT",
        "satisfaction": 2
      },
      {
        "participant": "AGENT",
        "utterance": "Sorry, I don't have any drama, fun films named similar to thank you from the year  > 2010. Please select from the list of options to continue.",
        "intent": "REVEAL.NONE"
      },
      {
        "participant": "USER",
        "utterance": "okay sounds good! I will give it a try.",
        "intent": "NOTE.ACCEPT",
        "satisfaction": 3
      },
      {
        "participant": "AGENT",
        "utterance": "Sorry, I don't have any drama, sounds films named similar to thank you from the year  > 2010. Please select from the list of options to continue.",
        "intent": "REVEAL.NONE"
      },
      {
        "participant": "USER",
        "utterance": "Bye!",
        "intent": "COMPLETE",
        "satisfaction": 2
      },
      {
        "participant": "AGENT",
        "utterance": "I hope you had a good experience. Bye.",
        "intent": "END"
      }
    ]
  },
  {
    "conversation ID": "1655156366",
    "conversation": [
      {
        "participant": "AGENT",
        "utterance": "Hi there. I am IAI MovieBot, your movie recommending buddy. I can recommend you movies based on your preferences. I will ask you a few questions and based on your answers, I will try to find a movie for you.",
        "intent": "DISCLOSE.NON-DISCLOSE"
      },
      {
        "participant": "USER",
        "utterance": "Okay, sounds good.",
        "intent": "DISCLOSE.NON-DISCLOSE",
        "satisfaction": 3
      },
      {
        "participant": "AGENT",
        "utterance": "Do you like: Man, Woman & the Wall 6.4 84 min",
        "intent": "REVEAL"
      },
      {
        "participant": "USER",
        "utterance": "Okay, sounds good.",
        "intent": "DISCLOSE.NON-DISCLOSE",
        "satisfaction": 3
      },
      {
        "participant": "AGENT",
        "utterance": "Do you like: Her Composition 5.3 93 min",
        "intent": "REVEAL"
      },
      {
        "participant": "USER",
        "utterance": "director name",
        "intent": "INQUIRE.MORE",
        "satisfaction": 2
      },
      {
        "participant": "AGENT",
        "utterance": "Its directed by Stephan Littger.",
        "intent": "DISCLOSE.MORE"
      },
      {
        "participant": "USER",
        "utterance": "I want to restart for a new movie.",
        "intent": "DISCLOSE",
        "satisfaction": 2
      },
      {
        "participant": "AGENT",
        "utterance": "We are starting again.Which genres do you prefer?",
        "intent": "INQUIRE.ELICIT"
      },
      {
        "participant": "USER",
        "utterance": "How about Drama?",
        "intent": "DISCLOSE",
        "satisfaction": 2,
        "slot_values": [
          [
            "GENRE",
            "Drama"
          ]
        ]
      },
      {
        "participant": "AGENT",
        "utterance": "There are almost 20200 drama films. Please answer a few more questions to help me find a good movie.Can you give me a few keywords? For example, 'wrongful imprisonment' or 'organized crime'.",
        "intent": "INQUIRE.ELICIT"
      },
      {
        "participant": "USER",
        "utterance": "Tell me something about it.",
        "intent": "INQUIRE.ITEMINFO",
        "satisfaction": 2
      },
      {
        "participant": "AGENT",
        "utterance": "Do you like: The Reichenbach Fall 9.7 88 min",
        "intent": "REVEAL"
      },
      {
        "participant": "USER",
        "utterance": "Tell me something about it.",
        "intent": "INQUIRE.ITEMINFO",
        "satisfaction": 2
      },
      {
        "participant": "AGENT",
        "utterance": "What would you like to know about \"The Reichenbach Fall\"?",
        "intent": "INQUIRE.MORE"
      },
      {
        "participant": "USER",
        "utterance": "director name",
        "intent": "INQUIRE.MORE",
        "satisfaction": 2
      },
      {
        "participant": "AGENT",
        "utterance": "Its directed by Toby Haynes.",
        "intent": "DISCLOSE.MORE"
      },
      {
        "participant": "USER",
        "utterance": "thank you",
        "intent": "NOTE.ACCEPT",
        "satisfaction": 2
      },
      {
        "participant": "AGENT",
        "utterance": "Do you like: Thank You for Smoking 7.6 92 min",
        "intent": "REVEAL"
      },
      {
        "participant": "USER",
        "utterance": "thank you",
        "intent": "NOTE.ACCEPT",
        "satisfaction": 2
      },
      {
        "participant": "AGENT",
        "utterance": "Do you like: Thank You for Your Service 7.5 88 min",
        "intent": "REVEAL"
      },
      {
        "participant": "USER",
        "utterance": "director name",
        "intent": "INQUIRE.MORE",
        "satisfaction": 2
      },
      {
        "participant": "AGENT",
        "utterance": "The director of this movie is Tom Donahue.",
        "intent": "DISCLOSE.MORE"
      },
      {
        "participant": "USER",
        "utterance": "Bye!",
        "intent": "COMPLETE",
        "satisfaction": 2
      },
      {
        "participant": "AGENT",
        "utterance": "I hope you had a good experience. Bye.",
        "intent": "END"
      }
    ]
  },
  {
    "conversation ID": "1655156387",
    "conversation": [
      {
        "participant": "AGENT",
        "utterance": "Hi there. I am IAI MovieBot, your movie recommending buddy. I can recommend you movies based on your preferences. I will ask you a few questions and based on your answers, I will try to find a movie for you.",
        "intent": "DISCLOSE.NON-DISCLOSE"
      },
      {
        "participant": "USER",
        "utterance": "Hi, okay.",
        "intent": "DISCLOSE.NON-DISCLOSE",
        "satisfaction": 3
      },
      {
        "participant": "AGENT",
        "utterance": "Which genres do you prefer?",
        "intent": "INQUIRE.ELICIT"
      },
      {
        "participant": "USER",
        "utterance": "How about Drama?",
        "intent": "DISCLOSE",
        "satisfaction": 2,
        "slot_values": [
          [
            "GENRE",
            "Drama"
          ]
        ]
      },
      {
        "participant": "AGENT",
        "utterance": "I have found almost 20200 drama films. Can you guide me more to narrow down the search space?What are you looking for in a movie? Some keywords would be good. For example, 'crime family' or 'crown jewels'.",
        "intent": "INQUIRE.ELICIT"
      },
      {
        "participant": "USER",
        "utterance": "something with oscar (best directing)",
        "intent": "DISCLOSE",
        "satisfaction": 2,
        "slot_values": [
          [
            "KEYWORD",
            "oscar (best directing)"
          ]
        ]
      },
      {
        "participant": "AGENT",
        "utterance": "Sorry, I don't have any drama, (best films. Please select from the list of options to continue.",
        "intent": "REVEAL.NONE"
      },
      {
        "participant": "USER",
        "utterance": "Tell me something about it.",
        "intent": "INQUIRE.ITEMINFO",
        "satisfaction": 2
      },
      {
        "participant": "AGENT",
        "utterance": "Sorry, I don't have any drama, (best films. Please select from the list of options to continue.",
        "intent": "REVEAL.NONE"
      },
      {
        "participant": "USER",
        "utterance": "Tell me something about it.",
        "intent": "INQUIRE.ITEMINFO",
        "satisfaction": 2
      },
      {
        "participant": "AGENT",
        "utterance": "Sorry, I couldn't find any drama, (best films. Please select from the list of options to continue.",
        "intent": "REVEAL.NONE"
      },
      {
        "participant": "USER",
        "utterance": "Bye!",
        "intent": "COMPLETE",
        "satisfaction": 2
      },
      {
        "participant": "AGENT",
        "utterance": "Hope to see you soon. Bye.",
        "intent": "END"
      }
    ]
  },
  {
    "conversation ID": "1655156392",
    "conversation": [
      {
        "participant": "AGENT",
        "utterance": "Hi there. I am IAI MovieBot, your movie recommending buddy. I can recommend you movies based on your preferences. I will ask you a few questions and based on your answers, I will try to find a movie for you.",
        "intent": "DISCLOSE.NON-DISCLOSE"
      },
      {
        "participant": "USER",
        "utterance": "Okay, sounds good.",
        "intent": "DISCLOSE.NON-DISCLOSE",
        "satisfaction": 3
      },
      {
        "participant": "AGENT",
        "utterance": "Do you like: Man, Woman & the Wall 6.4 84 min",
        "intent": "REVEAL"
      },
      {
        "participant": "USER",
        "utterance": "hello",
        "intent": "DISCLOSE.NON-DISCLOSE",
        "satisfaction": 3
      },
      {
        "participant": "AGENT",
        "utterance": "Which genres do you prefer? For example, 'Romance' or 'Adventure'.",
        "intent": "INQUIRE.ELICIT"
      },
      {
        "participant": "USER",
        "utterance": "How about Drama?",
        "intent": "DISCLOSE",
        "satisfaction": 2,
        "slot_values": [
          [
            "GENRE",
            "Drama"
          ]
        ]
      },
      {
        "participant": "AGENT",
        "utterance": "Do you like: Her Composition 5.3 93 min",
        "intent": "REVEAL"
      },
      {
        "participant": "USER",
        "utterance": "I want to restart for a new movie.",
        "intent": "DISCLOSE",
        "satisfaction": 2
      },
      {
        "participant": "AGENT",
        "utterance": "Actors Lulu Wilson, Heather Matarazzo, Margot Bingham, Christian Campbell, Kevin Breznahan, John Rothman have played prominent roles in this movie.",
        "intent": "DISCLOSE.MORE"
      },
      {
        "participant": "USER",
        "utterance": "I would like to restart",
        "intent": "DISCLOSE",
        "satisfaction": 2
      },
      {
        "participant": "AGENT",
        "utterance": "Actors Lulu Wilson, Heather Matarazzo, Margot Bingham, Christian Campbell, Kevin Breznahan, John Rothman have played prominent roles in this movie.",
        "intent": "DISCLOSE.MORE"
      },
      {
        "participant": "USER",
        "utterance": "Yes",
        "intent": "NOTE.LIKE",
        "satisfaction": 2
      },
      {
        "participant": "AGENT",
        "utterance": "Sorry, I don't have any other drama, sounds films. Please select from the list of options to continue.",
        "intent": "REVEAL.NONE"
      },
      {
        "participant": "USER",
        "utterance": "I like this",
        "intent": "NOTE.LIKE",
        "satisfaction": 2
      },
      {
        "participant": "AGENT",
        "utterance": "Sorry, I couldn't find any other drama, sounds films. Please select from the list of options to continue.",
        "intent": "REVEAL.NONE"
      },
      {
        "participant": "USER",
        "utterance": "No need of a Drama film.",
        "intent": "REVEAL.REVISE",
        "satisfaction": 2,
        "slot_values": [
          [
            "GENRE",
            "Drama"
          ]
        ]
      },
      {
        "participant": "AGENT",
        "utterance": "Sorry, I don't have any other sounds films. Please select from the list of options to continue.",
        "intent": "REVEAL.NONE"
      },
      {
        "participant": "USER",
        "utterance": "Tell me something about it.",
        "intent": "INQUIRE.ITEMINFO",
        "satisfaction": 2
      },
      {
        "participant": "AGENT",
        "utterance": "Sorry, I couldn't find any other sounds films. Please select from the list of options to continue.",
        "intent": "REVEAL.NONE"
      },
      {
        "participant": "USER",
        "utterance": "Tell me something about it.",
        "intent": "INQUIRE.ITEMINFO",
        "satisfaction": 2
      },
      {
        "participant": "AGENT",
        "utterance": "Sorry, I don't have any other sounds films. Please select from the list of options to continue.",
        "intent": "REVEAL.NONE"
      },
      {
        "participant": "USER",
        "utterance": "I want to restart for a new movie.",
        "intent": "DISCLOSE",
        "satisfaction": 2
      },
      {
        "participant": "AGENT",
        "utterance": "Sorry, I don't have any other sounds films. Please select from the list of options to continue.",
        "intent": "REVEAL.NONE"
      },
      {
        "participant": "USER",
        "utterance": "director name",
        "intent": "INQUIRE.MORE",
        "satisfaction": 2
      },
      {
        "participant": "AGENT",
        "utterance": "Sorry, I don't have any other sounds films. Please select from the list of options to continue.",
        "intent": "REVEAL.NONE"
      },
      {
        "participant": "USER",
        "utterance": "director name",
        "intent": "INQUIRE.MORE",
        "satisfaction": 2
      },
      {
        "participant": "AGENT",
        "utterance": "Sorry, I couldn't find any other sounds films. Please select from the list of options to continue.",
        "intent": "REVEAL.NONE"
      },
      {
        "participant": "USER",
        "utterance": "I want to restart for a new movie.",
        "intent": "DISCLOSE",
        "satisfaction": 2
      },
      {
        "participant": "AGENT",
        "utterance": "Sorry, I don't have any other sounds films. Please select from the list of options to continue.",
        "intent": "REVEAL.NONE"
      },
      {
        "participant": "USER",
        "utterance": "thank you",
        "intent": "NOTE.ACCEPT",
        "satisfaction": 2
      },
      {
        "participant": "AGENT",
        "utterance": "Sorry, I don't have any sounds films named similar to thank you. Please select from the list of options to continue.",
        "intent": "REVEAL.NONE"
      },
      {
        "participant": "USER",
        "utterance": "thank you",
        "intent": "NOTE.ACCEPT",
        "satisfaction": 2
      },
      {
        "participant": "AGENT",
        "utterance": "Sorry, I don't have any sounds films named similar to thank you. Please select from the list of options to continue.",
        "intent": "REVEAL.NONE"
      },
      {
        "participant": "USER",
        "utterance": "Bye!",
        "intent": "COMPLETE",
        "satisfaction": 2
      },
      {
        "participant": "AGENT",
        "utterance": "I hope you had a good experience. Bye.",
        "intent": "END"
      }
    ]
  },
  {
    "conversation ID": "1655156393",
    "conversation": [
      {
        "participant": "AGENT",
        "utterance": "Hi there. I am IAI MovieBot, your movie recommending buddy. I can recommend you movies based on your preferences. I will ask you a few questions and based on your answers, I will try to find a movie for you.",
        "intent": "DISCLOSE.NON-DISCLOSE"
      },
      {
        "participant": "USER",
        "utterance": "Hi, okay.",
        "intent": "DISCLOSE.NON-DISCLOSE",
        "satisfaction": 3
      },
      {
        "participant": "AGENT",
        "utterance": "Do you have any specific genres in mind?",
        "intent": "INQUIRE.ELICIT"
      },
      {
        "participant": "USER",
        "utterance": "How about Drama?",
        "intent": "DISCLOSE",
        "satisfaction": 2,
        "slot_values": [
          [
            "GENRE",
            "Drama"
          ]
        ]
      },
      {
        "participant": "AGENT",
        "utterance": "I have found almost 20200 drama films. Please answer a few more questions to help me find a good movie.Can you give me a few keywords? For example, 'wrongful imprisonment' or 'crown jewels'.",
        "intent": "INQUIRE.ELICIT"
      },
      {
        "participant": "USER",
        "utterance": "oscar (best directing)",
        "intent": "DISCLOSE",
        "satisfaction": 2,
        "slot_values": [
          [
            "KEYWORD",
            "oscar (best directing)"
          ]
        ]
      },
      {
        "participant": "AGENT",
        "utterance": "Sorry, I don't have any drama, (best films. Please select from the list of options to continue.",
        "intent": "REVEAL.NONE"
      },
      {
        "participant": "USER",
        "utterance": "Tell me something about it.",
        "intent": "INQUIRE.ITEMINFO",
        "satisfaction": 2
      },
      {
        "participant": "AGENT",
        "utterance": "Sorry, I don't have any drama, (best films. Please select from the list of options to continue.",
        "intent": "REVEAL.NONE"
      },
      {
        "participant": "USER",
        "utterance": "Tell me something about it.",
        "intent": "INQUIRE.ITEMINFO",
        "satisfaction": 2
      },
      {
        "participant": "AGENT",
        "utterance": "Sorry, I don't have any drama, (best films. Please select from the list of options to continue.",
        "intent": "REVEAL.NONE"
      },
      {
        "participant": "USER",
        "utterance": "Bye!",
        "intent": "COMPLETE",
        "satisfaction": 2
      },
      {
        "participant": "AGENT",
        "utterance": "Hope to see you soon. Bye.",
        "intent": "END"
      }
    ]
  },
  {
    "conversation ID": "1655156394",
    "conversation": [
      {
        "participant": "AGENT",
        "utterance": "Hi there. I am IAI MovieBot, your movie recommending buddy. I can recommend you movies based on your preferences. I will ask you a few questions and based on your answers, I will try to find a movie for you.",
        "intent": "DISCLOSE.NON-DISCLOSE"
      },
      {
        "participant": "USER",
        "utterance": "Hello.",
        "intent": "DISCLOSE.NON-DISCLOSE",
        "satisfaction": 3
      },
      {
        "participant": "AGENT",
        "utterance": "Which genres do you prefer?",
        "intent": "INQUIRE.ELICIT"
      },
      {
        "participant": "USER",
        "utterance": "Drama",
        "intent": "DISCLOSE",
        "satisfaction": 1,
        "slot_values": [
          [
            "GENRE",
            "Drama"
          ]
        ]
      },
      {
        "participant": "AGENT",
        "utterance": "There are almost 20200 drama films. Can you guide me more to narrow down the search space?What are you looking for in a movie? Some keywords would be good. For example, 'crown jewels' or 'crime family'.",
        "intent": "INQUIRE.ELICIT"
      },
      {
        "participant": "USER",
        "utterance": "oscar (best directing)",
        "intent": "DISCLOSE",
        "satisfaction": 2,
        "slot_values": [
          [
            "KEYWORD",
            "oscar (best directing)"
          ]
        ]
      },
      {
        "participant": "AGENT",
        "utterance": "Sorry, I don't have any drama, (best films. Please select from the list of options to continue.",
        "intent": "REVEAL.NONE"
      },
      {
        "participant": "USER",
        "utterance": "Tell me something about it.",
        "intent": "INQUIRE.ITEMINFO",
        "satisfaction": 2
      },
      {
        "participant": "AGENT",
        "utterance": "Sorry, I don't have any drama, (best films. Please select from the list of options to continue.",
        "intent": "REVEAL.NONE"
      },
      {
        "participant": "USER",
        "utterance": "Tell me something about it.",
        "intent": "INQUIRE.ITEMINFO",
        "satisfaction": 2
      },
      {
        "participant": "AGENT",
        "utterance": "Sorry, I couldn't find any drama, (best films. Please select from the list of options to continue.",
        "intent": "REVEAL.NONE"
      },
      {
        "participant": "USER",
        "utterance": "Bye!",
        "intent": "COMPLETE",
        "satisfaction": 2
      },
      {
        "participant": "AGENT",
        "utterance": "Hope to see you soon. Bye.",
        "intent": "END"
      }
    ]
  },
  {
    "conversation ID": "1655156397",
    "conversation": [
      {
        "participant": "AGENT",
        "utterance": "Hi there. I am IAI MovieBot, your movie recommending buddy. I can recommend you movies based on your preferences. I will ask you a few questions and based on your answers, I will try to find a movie for you.",
        "intent": "DISCLOSE.NON-DISCLOSE"
      },
      {
        "participant": "USER",
        "utterance": "Hi, okay.",
        "intent": "DISCLOSE.NON-DISCLOSE",
        "satisfaction": 3
      },
      {
        "participant": "AGENT",
        "utterance": "Do you have any specific genres in mind?",
        "intent": "INQUIRE.ELICIT"
      },
      {
        "participant": "USER",
        "utterance": "How about Drama?",
        "intent": "DISCLOSE",
        "satisfaction": 2,
        "slot_values": [
          [
            "GENRE",
            "Drama"
          ]
        ]
      },
      {
        "participant": "AGENT",
        "utterance": "There are almost 20200 drama films. Please answer a few more questions to help me find a good movie.What are you looking for in a movie? Some keywords would be good. For example, 'organized crime' or 'wrongful imprisonment'.",
        "intent": "INQUIRE.ELICIT"
      },
      {
        "participant": "USER",
        "utterance": "oscar (best directing)",
        "intent": "DISCLOSE",
        "satisfaction": 2,
        "slot_values": [
          [
            "KEYWORD",
            "oscar (best directing)"
          ]
        ]
      },
      {
        "participant": "AGENT",
        "utterance": "Sorry, I couldn't find any drama, (best films. Please select from the list of options to continue.",
        "intent": "REVEAL.NONE"
      },
      {
        "participant": "USER",
        "utterance": "Tell me something about it.",
        "intent": "INQUIRE.ITEMINFO",
        "satisfaction": 2
      },
      {
        "participant": "AGENT",
        "utterance": "Sorry, I couldn't find any drama, (best films. Please select from the list of options to continue.",
        "intent": "REVEAL.NONE"
      },
      {
        "participant": "USER",
        "utterance": "Tell me something about it.",
        "intent": "INQUIRE.ITEMINFO",
        "satisfaction": 2
      },
      {
        "participant": "AGENT",
        "utterance": "Sorry, I don't have any drama, (best films. Please select from the list of options to continue.",
        "intent": "REVEAL.NONE"
      },
      {
        "participant": "USER",
        "utterance": "Bye!",
        "intent": "COMPLETE",
        "satisfaction": 2
      },
      {
        "participant": "AGENT",
        "utterance": "Hope to see you soon. Bye.",
        "intent": "END"
      }
    ]
  },
  {
    "conversation ID": "1655156405",
    "conversation": [
      {
        "participant": "AGENT",
        "utterance": "Hi there. I am IAI MovieBot, your movie recommending buddy. I can recommend you movies based on your preferences. I will ask you a few questions and based on your answers, I will try to find a movie for you.",
        "intent": "DISCLOSE.NON-DISCLOSE"
      },
      {
        "participant": "USER",
        "utterance": "Hi",
        "intent": "DISCLOSE.NON-DISCLOSE",
        "satisfaction": 3
      },
      {
        "participant": "AGENT",
        "utterance": "Do you have any specific genres in mind?",
        "intent": "INQUIRE.ELICIT"
      },
      {
        "participant": "USER",
        "utterance": "How about Drama?",
        "intent": "DISCLOSE",
        "satisfaction": 2,
        "slot_values": [
          [
            "GENRE",
            "Drama"
          ]
        ]
      },
      {
        "participant": "AGENT",
        "utterance": "There are almost 20200 drama films. Please answer a few more questions to help me find a good movie.Can you give me a few keywords? For example, 'crown jewels' or 'organized crime'.",
        "intent": "INQUIRE.ELICIT"
      },
      {
        "participant": "USER",
        "utterance": "oscar (best directing)",
        "intent": "DISCLOSE",
        "satisfaction": 2,
        "slot_values": [
          [
            "KEYWORD",
            "oscar (best directing)"
          ]
        ]
      },
      {
        "participant": "AGENT",
        "utterance": "Sorry, I couldn't find any drama, (best films. Please select from the list of options to continue.",
        "intent": "REVEAL.NONE"
      },
      {
        "participant": "USER",
        "utterance": "Tell me something about it.",
        "intent": "INQUIRE.ITEMINFO",
        "satisfaction": 2
      },
      {
        "participant": "AGENT",
        "utterance": "Sorry, I couldn't find any drama, (best films. Please select from the list of options to continue.",
        "intent": "REVEAL.NONE"
      },
      {
        "participant": "USER",
        "utterance": "Tell me something about it.",
        "intent": "INQUIRE.ITEMINFO",
        "satisfaction": 2
      },
      {
        "participant": "AGENT",
        "utterance": "Sorry, I couldn't find any drama, (best films. Please select from the list of options to continue.",
        "intent": "REVEAL.NONE"
      },
      {
        "participant": "USER",
        "utterance": "Bye!",
        "intent": "COMPLETE",
        "satisfaction": 2
      },
      {
        "participant": "AGENT",
        "utterance": "Hope to see you soon. Bye.",
        "intent": "END"
      }
    ]
  },
  {
    "conversation ID": "1655156428",
    "conversation": [
      {
        "participant": "AGENT",
        "utterance": "Hi there. I am IAI MovieBot, your movie recommending buddy. I can recommend you movies based on your preferences. I will ask you a few questions and based on your answers, I will try to find a movie for you.",
        "intent": "DISCLOSE.NON-DISCLOSE"
      },
      {
        "participant": "USER",
        "utterance": "Okay, sounds good.",
        "intent": "DISCLOSE.NON-DISCLOSE",
        "satisfaction": 3
      },
      {
        "participant": "AGENT",
        "utterance": "Do you like: Man, Woman & the Wall 6.4 84 min",
        "intent": "REVEAL"
      },
      {
        "participant": "USER",
        "utterance": "Hello.",
        "intent": "DISCLOSE.NON-DISCLOSE",
        "satisfaction": 3
      },
      {
        "participant": "AGENT",
        "utterance": "Do you have any specific genres in mind? For example, 'Romance' or 'Adventure'.",
        "intent": "INQUIRE.ELICIT"
      },
      {
        "participant": "USER",
        "utterance": "How about Drama?",
        "intent": "DISCLOSE",
        "satisfaction": 2,
        "slot_values": [
          [
            "GENRE",
            "Drama"
          ]
        ]
      },
      {
        "participant": "AGENT",
        "utterance": "Do you like: Her Composition 5.3 93 min",
        "intent": "REVEAL"
      },
      {
        "participant": "USER",
        "utterance": "I want to restart for a new movie.",
        "intent": "DISCLOSE",
        "satisfaction": 2
      },
      {
        "participant": "AGENT",
        "utterance": "Actors Lulu Wilson, Heather Matarazzo, Margot Bingham, Christian Campbell, Kevin Breznahan, John Rothman have played prominent roles in this movie.",
        "intent": "DISCLOSE.MORE"
      },
      {
        "participant": "USER",
        "utterance": "a new movie",
        "intent": "DISCLOSE",
        "satisfaction": 2
      },
      {
        "participant": "AGENT",
        "utterance": "Sorry, I couldn't find any other drama, sounds films from the year  > 2010. Please select from the list of options to continue.",
        "intent": "REVEAL.NONE"
      },
      {
        "participant": "USER",
        "utterance": "Tell me more about it",
        "intent": "INQUIRE.ITEMINFO",
        "satisfaction": 2
      },
      {
        "participant": "AGENT",
        "utterance": "Sorry, I couldn't find any other drama, sounds films from the year  > 2010. Please select from the list of options to continue.",
        "intent": "REVEAL.NONE"
      },
      {
        "participant": "USER",
        "utterance": "Tell me something about it.",
        "intent": "INQUIRE.ITEMINFO",
        "satisfaction": 2
      },
      {
        "participant": "AGENT",
        "utterance": "Sorry, I don't have any other drama, sounds films from the year  > 2010. Please select from the list of options to continue.",
        "intent": "REVEAL.NONE"
      },
      {
        "participant": "USER",
        "utterance": "No movies with oscar (best picture).",
        "intent": "REVEAL.REVISE",
        "satisfaction": 2,
        "slot_values": [
          [
            "KEYWORD",
            "oscar (best picture)"
          ]
        ]
      },
      {
        "participant": "AGENT",
        "utterance": "Sorry, I couldn't find any drama, (best picture films from the year  > 2010 not starring oscar. Please select from the list of options to continue.",
        "intent": "REVEAL.NONE"
      },
      {
        "participant": "USER",
        "utterance": "What is the plot?",
        "intent": "INQUIRE.MORE",
        "satisfaction": 3
      },
      {
        "participant": "AGENT",
        "utterance": "Sorry, I couldn't find any drama, (best picture films from the year  > 2010 not starring oscar. Please select from the list of options to continue.",
        "intent": "REVEAL.NONE"
      },
      {
        "participant": "USER",
        "utterance": "What is the plot?",
        "intent": "INQUIRE.MORE",
        "satisfaction": 3
      },
      {
        "participant": "AGENT",
        "utterance": "Sorry, I couldn't find any drama, (best picture films from the year  > 2010 not starring oscar. Please select from the list of options to continue.",
        "intent": "REVEAL.NONE"
      },
      {
        "participant": "USER",
        "utterance": "yes",
        "intent": "NOTE.LIKE",
        "satisfaction": 2
      },
      {
        "participant": "AGENT",
        "utterance": "Sorry, I couldn't find any drama, (best picture films from the year  > 2010 not starring oscar. Please select from the list of options to continue.",
        "intent": "REVEAL.NONE"
      },
      {
        "participant": "USER",
        "utterance": "yes I like it",
        "intent": "NOTE.LIKE",
        "satisfaction": 2
      },
      {
        "participant": "AGENT",
        "utterance": "Sorry, I don't have any drama, (best picture films from the year  > 2010 not starring oscar. Please select from the list of options to continue.",
        "intent": "REVEAL.NONE"
      },
      {
        "participant": "USER",
        "utterance": "No movies with oscar (best directing).",
        "intent": "REVEAL.REVISE",
        "satisfaction": 2,
        "slot_values": [
          [
            "KEYWORD",
            "oscar (best directing)"
          ]
        ]
      },
      {
        "participant": "AGENT",
        "utterance": "Sorry, I couldn't find any drama, (best films from the year  > 2010 not starring oscar. Please select from the list of options to continue.",
        "intent": "REVEAL.NONE"
      },
      {
        "participant": "USER",
        "utterance": "okay sounds good! I will give it a try.",
        "intent": "NOTE.ACCEPT",
        "satisfaction": 3
      },
      {
        "participant": "AGENT",
        "utterance": "Sorry, I don't have any other drama, sounds films from the year  > 2010 not starring oscar. Please select from the list of options to continue.",
        "intent": "REVEAL.NONE"
      },
      {
        "participant": "USER",
        "utterance": "okay sounds good! I will give it a try.",
        "intent": "NOTE.ACCEPT",
        "satisfaction": 3
      },
      {
        "participant": "AGENT",
        "utterance": "Sorry, I don't have any other drama, sounds films from the year  > 2010 not starring oscar. Please select from the list of options to continue.",
        "intent": "REVEAL.NONE"
      },
      {
        "participant": "USER",
        "utterance": "No movies with oscar (best directing).",
        "intent": "REVEAL.REVISE",
        "satisfaction": 2,
        "slot_values": [
          [
            "KEYWORD",
            "oscar (best directing)"
          ]
        ]
      },
      {
        "participant": "AGENT",
        "utterance": "Sorry, I don't have any drama, (best films from the year  > 2010 not starring oscar. Please select from the list of options to continue.",
        "intent": "REVEAL.NONE"
      },
      {
        "participant": "USER",
        "utterance": "I would like to quit now.",
        "intent": "COMPLETE",
        "satisfaction": 2
      },
      {
        "participant": "AGENT",
        "utterance": "Hope to see you soon. Bye.",
        "intent": "END"
      }
    ]
  },
  {
    "conversation ID": "1655156432",
    "conversation": [
      {
        "participant": "AGENT",
        "utterance": "Hi there. I am IAI MovieBot, your movie recommending buddy. I can recommend you movies based on your preferences. I will ask you a few questions and based on your answers, I will try to find a movie for you.",
        "intent": "DISCLOSE.NON-DISCLOSE"
      },
      {
        "participant": "USER",
        "utterance": "Okay, sounds good.",
        "intent": "DISCLOSE.NON-DISCLOSE",
        "satisfaction": 3
      },
      {
        "participant": "AGENT",
        "utterance": "Do you like: Man, Woman & the Wall 6.4 84 min",
        "intent": "REVEAL"
      },
      {
        "participant": "USER",
        "utterance": "Hi, okay.",
        "intent": "DISCLOSE.NON-DISCLOSE",
        "satisfaction": 3
      },
      {
        "participant": "AGENT",
        "utterance": "Which genres do you prefer? For example, 'Thriller' or 'Romance'.",
        "intent": "INQUIRE.ELICIT"
      },
      {
        "participant": "USER",
        "utterance": "How about Drama?",
        "intent": "DISCLOSE",
        "satisfaction": 2,
        "slot_values": [
          [
            "GENRE",
            "Drama"
          ]
        ]
      },
      {
        "participant": "AGENT",
        "utterance": "Do you like: Her Composition 5.3 93 min",
        "intent": "REVEAL"
      },
      {
        "participant": "USER",
        "utterance": "I want to restart for a new movie.",
        "intent": "DISCLOSE",
        "satisfaction": 2
      },
      {
        "participant": "AGENT",
        "utterance": "Actors Lulu Wilson, Heather Matarazzo, Margot Bingham, Christian Campbell, Kevin Breznahan, John Rothman have played prominent roles in this movie.",
        "intent": "DISCLOSE.MORE"
      },
      {
        "participant": "USER",
        "utterance": "I would like to restart",
        "intent": "DISCLOSE",
        "satisfaction": 2
      },
      {
        "participant": "AGENT",
        "utterance": "Actors Lulu Wilson, Heather Matarazzo, Margot Bingham, Christian Campbell, Kevin Breznahan, John Rothman have played prominent roles in this movie.",
        "intent": "DISCLOSE.MORE"
      },
      {
        "participant": "USER",
        "utterance": "that sounded too cheesy. Do you have any other recommendations?",
        "intent": "INQUIRE",
        "satisfaction": 1
      },
      {
        "participant": "AGENT",
        "utterance": "I believe I am stuck. I can't help you here.",
        "intent": "FAILED"
      },
      {
        "participant": "USER",
        "utterance": "that sounded too cheesy. Do you have any other recommendations?",
        "intent": "INQUIRE",
        "satisfaction": 1
      },
      {
        "participant": "AGENT",
        "utterance": "Sorry I can't help you with that.",
        "intent": "FAILED"
      },
      {
        "participant": "USER",
        "utterance": "Bye!",
        "intent": "COMPLETE",
        "satisfaction": 2
      },
      {
        "participant": "AGENT",
        "utterance": "Hope to see you soon. Bye.",
        "intent": "END"
      }
    ]
  },
  {
    "conversation ID": "1655156449",
    "conversation": [
      {
        "participant": "AGENT",
        "utterance": "Hi there. I am IAI MovieBot, your movie recommending buddy. I can recommend you movies based on your preferences. I will ask you a few questions and based on your answers, I will try to find a movie for you.",
        "intent": "DISCLOSE.NON-DISCLOSE"
      },
      {
        "participant": "USER",
        "utterance": "Hi",
        "intent": "DISCLOSE.NON-DISCLOSE",
        "satisfaction": 3
      },
      {
        "participant": "AGENT",
        "utterance": "Do you have any specific genres in mind?",
        "intent": "INQUIRE.ELICIT"
      },
      {
        "participant": "USER",
        "utterance": "How about Drama?",
        "intent": "DISCLOSE",
        "satisfaction": 2,
        "slot_values": [
          [
            "GENRE",
            "Drama"
          ]
        ]
      },
      {
        "participant": "AGENT",
        "utterance": "There are almost 20200 drama films. Please answer a few more questions to help me find a good movie.Can you give me a few keywords? For example, 'crown jewels' or 'crime family'.",
        "intent": "INQUIRE.ELICIT"
      },
      {
        "participant": "USER",
        "utterance": "oscar (best directing)",
        "intent": "DISCLOSE",
        "satisfaction": 2,
        "slot_values": [
          [
            "KEYWORD",
            "oscar (best directing)"
          ]
        ]
      },
      {
        "participant": "AGENT",
        "utterance": "Sorry, I couldn't find any drama, (best films. Please select from the list of options to continue.",
        "intent": "REVEAL.NONE"
      },
      {
        "participant": "USER",
        "utterance": "Tell me something about it.",
        "intent": "INQUIRE.ITEMINFO",
        "satisfaction": 2
      },
      {
        "participant": "AGENT",
        "utterance": "Sorry, I couldn't find any drama, (best films. Please select from the list of options to continue.",
        "intent": "REVEAL.NONE"
      },
      {
        "participant": "USER",
        "utterance": "Tell me something about it.",
        "intent": "INQUIRE.ITEMINFO",
        "satisfaction": 2
      },
      {
        "participant": "AGENT",
        "utterance": "Sorry, I don't have any drama, (best films. Please select from the list of options to continue.",
        "intent": "REVEAL.NONE"
      },
      {
        "participant": "USER",
        "utterance": "Bye!",
        "intent": "COMPLETE",
        "satisfaction": 2
      },
      {
        "participant": "AGENT",
        "utterance": "Hope to see you soon. Bye.",
        "intent": "END"
      }
    ]
  },
  {
    "conversation ID": "1655156453",
    "conversation": [
      {
        "participant": "AGENT",
        "utterance": "Hi there. I am IAI MovieBot, your movie recommending buddy. I can recommend you movies based on your preferences. I will ask you a few questions and based on your answers, I will try to find a movie for you.",
        "intent": "DISCLOSE.NON-DISCLOSE"
      },
      {
        "participant": "USER",
        "utterance": "Sure, sounds fun.",
        "intent": "DISCLOSE.NON-DISCLOSE",
        "satisfaction": 3
      },
      {
        "participant": "AGENT",
        "utterance": "I have found almost 400 fun films. Can you guide me more to narrow down the search space?Do you have any specific genres in mind? For example, 'Comedy' or 'Thriller'.",
        "intent": "INQUIRE.ELICIT"
      },
      {
        "participant": "USER",
        "utterance": "Drama",
        "intent": "DISCLOSE",
        "satisfaction": 1,
        "slot_values": [
          [
            "GENRE",
            "Drama"
          ]
        ]
      },
      {
        "participant": "AGENT",
        "utterance": "Do you like: Repentance 8.4 153 min",
        "intent": "REVEAL"
      },
      {
        "participant": "USER",
        "utterance": "I want to restart for a new movie.",
        "intent": "DISCLOSE",
        "satisfaction": 2
      },
      {
        "participant": "AGENT",
        "utterance": "Actors Avtandil Makharadze, Ia Ninidze, Zeinab Botsvadze, Ketevan Abuladze, David Giorgobiani, Kakhi Kavsadze have played prominent roles in this movie.",
        "intent": "DISCLOSE.MORE"
      },
      {
        "participant": "USER",
        "utterance": "Let's start over.",
        "intent": "DISCLOSE",
        "satisfaction": 2
      },
      {
        "participant": "AGENT",
        "utterance": "Some of the famous actors in this movie are Avtandil Makharadze, Ia Ninidze, Zeinab Botsvadze, Ketevan Abuladze, David Giorgobiani, Kakhi Kavsadze.",
        "intent": "DISCLOSE.MORE"
      },
      {
        "participant": "USER",
        "utterance": "okay sounds good! I will give it a try.",
        "intent": "NOTE.ACCEPT",
        "satisfaction": 3
      },
      {
        "participant": "AGENT",
        "utterance": "Do you like: Man, Woman & the Wall 6.4 84 min",
        "intent": "REVEAL"
      },
      {
        "participant": "USER",
        "utterance": "thank you",
        "intent": "NOTE.ACCEPT",
        "satisfaction": 2
      },
      {
        "participant": "AGENT",
        "utterance": "Sorry, I don't have any drama, sounds films named similar to thank you. Please select from the list of options to continue.",
        "intent": "REVEAL.NONE"
      },
      {
        "participant": "USER",
        "utterance": "Bye!",
        "intent": "COMPLETE",
        "satisfaction": 2
      },
      {
        "participant": "AGENT",
        "utterance": "I hope you had a good experience. Bye.",
        "intent": "END"
      }
    ]
  }
]